V1,V2,V3,V4,V5,V6,V7,V8,V9,V10,V11,V12,V13,V14,V15,V16,V17,V18,V19,V20,V21,V22,V23,V24,V25,V26,V27,V28,V29,V30,V31,V32,V33,V34,V35,V36,V37,V38,V39,V40,V41,V42,V43,V44,V45,V46,V47,V48,V49,V50,V51,V52,V53,V54,V55,V56,V57,V58,V59,V60,V61,V62,V63,V64,V65,V66,V67,V68,V69,V70,V71,V72,V73,V74,V75,V76,V77,V78,V79,V80,V81,V82,V83,V84,V85,V86,V87,V88,V89,V90,V91,V92,V93,V94,V95,V96,V97,V98,V99,V100
0,26,19,17,20,111,57,83,60,55,143,94,58,27,97,48,61,61,162,30,51,33,139,46,165,28,178,116,36,23,41,155,168,137,88,31,119,132,31,145,44,39,65,26,140,47,60,122,122,135,65,86,148,29,161,42,68,29,81,143,50,112,37,63,125,138,76,138,89,45,32,89,164,45,71,177,32,53,146,40,53,159,115,97,66,128,66,79,79,141,141,22,48,123,61,167,167,167,105,74
2,26,27,17,20,67,18,83,21,55,112,45,58,102,84,141,61,61,56,30,144,95,95,59,59,28,28,160,98,142,49,155,62,137,62,31,163,132,31,176,52,39,34,109,140,39,47,60,166,135,29,86,179,148,117,174,37,29,24,99,42,156,156,63,169,138,138,138,89,58,32,89,120,45,133,63,32,146,146,76,45,159,40,97,66,84,27,79,141,141,48,185,61,35,123,167,123,167,136,74
8,88,40,43,20,67,70,171,21,117,42,45,58,102,128,141,61,61,43,131,144,95,51,59,59,64,103,160,98,142,41,93,62,75,62,88,163,132,83,176,52,158,65,109,140,39,122,60,166,104,179,86,179,148,73,174,37,55,174,99,42,156,94,156,169,63,45,94,89,58,151,151,120,164,195,63,32,146,146,76,45,190,159,128,66,84,172,110,141,97,79,185,61,35,61,154,123,136,136,74
3,13,27,25,28,111,18,21,21,16,68,19,19,27,84,110,22,17,56,38,113,82,46,28,59,134,103,54,85,49,142,124,62,93,62,57,57,132,31,26,145,39,96,34,96,47,60,122,60,42,29,60,29,29,161,37,99,29,143,24,50,156,156,32,63,45,138,45,63,45,32,76,164,133,133,27,32,53,177,53,53,115,40,66,35,79,110,22,141,141,40,61,48,154,61,79,167,48,136,136
6,39,27,38,28,62,18,34,21,68,68,94,19,53,84,40,22,136,56,38,113,126,46,108,59,90,103,41,85,49,142,155,62,49,62,57,57,163,31,101,145,158,96,78,96,39,60,60,60,166,29,60,29,99,161,192,99,81,143,143,50,112,156,63,63,138,138,45,63,120,32,58,164,195,133,177,32,146,177,190,53,71,40,128,35,84,110,172,141,97,40,154,48,92,61,123,167,180,136,43
9,13,89,38,41,111,44,127,21,16,68,138,71,27,172,22,22,17,118,30,43,82,46,152,59,134,103,41,129,49,142,124,62,93,62,57,44,132,132,39,145,39,96,78,52,47,60,34,60,42,65,179,104,29,161,130,99,29,143,125,42,156,94,63,63,45,76,45,63,45,89,58,164,133,133,164,84,53,177,53,53,115,159,66,66,79,110,141,141,141,40,154,123,154,61,53,167,48,105,43
17,101,89,38,41,36,44,127,73,55,94,138,71,177,172,22,167,149,118,30,43,157,170,152,72,41,85,41,129,142,155,124,49,75,62,57,44,132,132,39,44,39,109,78,52,91,153,34,122,135,65,179,104,148,68,130,68,29,112,125,42,156,94,63,169,50,76,45,63,120,89,58,71,45,58,164,84,71,84,53,45,66,159,66,66,79,172,141,79,97,79,154,123,92,110,53,123,167,105,43
4,114,14,25,28,49,26,34,29,16,112,19,19,146,22,66,22,56,17,38,69,82,20,33,20,134,28,54,85,49,111,36,23,44,18,57,57,119,39,101,114,39,83,34,47,140,29,34,60,135,135,60,104,55,55,161,86,29,50,24,143,156,125,94,63,76,94,45,63,58,58,120,58,133,133,27,32,53,27,146,146,159,40,66,97,79,35,141,97,141,48,61,61,154,123,53,61,123,43,136
20,114,40,25,41,49,132,34,47,16,112,19,58,146,84,66,74,56,56,38,25,82,77,33,121,134,54,54,160,49,41,36,75,44,137,57,44,119,176,101,158,39,34,34,78,140,47,34,47,135,91,60,42,55,117,161,112,29,50,24,94,156,156,94,125,76,138,45,182,58,182,120,71,133,133,27,32,53,146,146,45,159,40,66,66,79,172,141,79,141,40,61,123,154,61,53,74,123,167,136
7,114,40,87,28,49,39,34,29,42,63,32,19,146,35,66,22,56,69,30,69,170,95,33,20,90,54,116,85,142,41,36,23,44,137,44,57,119,39,101,114,39,127,171,47,140,109,34,60,135,91,60,104,55,42,161,86,130,50,143,143,94,156,94,63,76,50,94,63,58,58,120,58,120,164,63,32,53,102,146,146,159,159,66,97,203,79,141,97,97,40,61,61,92,61,53,61,123,167,74
15,70,40,87,134,62,39,65,135,42,63,32,71,102,35,92,22,149,69,30,43,170,95,152,165,90,54,116,59,142,41,36,124,168,137,44,70,238,39,83,189,39,127,171,47,153,109,60,47,122,91,60,135,99,42,130,161,130,50,143,42,94,156,107,50,76,50,94,94,151,58,151,120,120,164,63,133,133,102,76,53,66,159,66,66,203,79,110,53,97,40,61,123,92,61,53,167,61,167,74
10,21,14,38,90,10,39,34,42,37,112,45,45,115,128,110,22,105,17,56,69,33,139,33,72,41,28,54,173,98,23,124,23,93,18,57,119,26,31,52,44,127,83,52,47,21,153,122,60,42,135,135,104,117,42,130,130,37,50,24,143,50,125,32,63,45,94,89,63,120,58,151,45,133,133,89,133,27,40,53,146,40,40,66,97,35,79,48,53,48,48,61,61,123,35,79,61,48,43,136
10,13,14,131,90,36,39,26,42,130,112,138,45,27,128,66,22,30,17,82,69,82,139,108,72,134,28,160,173,111,23,93,23,93,18,57,119,70,31,145,44,39,83,52,47,184,153,153,60,135,135,135,104,55,42,99,130,174,50,81,143,156,125,156,63,45,94,138,63,45,58,50,45,120,133,89,133,84,40,102,146,115,40,190,97,128,79,141,53,48,48,61,61,110,35,198,61,48,43,48
18,34,102,38,90,124,39,34,42,130,37,45,45,53,128,110,74,30,56,56,95,82,139,33,72,41,178,54,173,36,23,124,168,75,150,57,119,39,31,52,44,114,158,52,171,39,153,122,73,135,42,135,86,55,42,130,130,174,143,24,156,112,125,32,50,50,76,89,63,45,58,151,45,120,133,89,133,53,40,53,45,115,40,66,110,40,79,48,53,48,92,61,154,154,35,79,123,167,136,136
18,34,102,38,134,124,70,26,135,130,37,94,164,53,35,141,74,30,56,175,95,82,121,108,121,41,178,98,160,36,93,62,168,75,150,150,70,39,176,101,44,114,158,127,171,39,91,104,73,135,42,60,86,55,42,161,68,174,143,174,156,112,63,63,50,50,76,138,182,45,182,58,71,120,133,208,58,53,133,102,45,115,40,203,110,40,79,141,53,48,92,154,154,154,61,53,123,167,136,48
5,21,115,38,15,124,26,34,29,37,50,45,27,53,35,61,30,105,17,56,113,33,20,33,20,41,147,67,23,36,67,62,23,93,57,150,18,132,39,52,70,127,83,52,21,39,34,60,21,42,135,135,29,55,55,130,86,37,50,99,112,63,37,125,24,45,45,89,19,107,58,151,58,133,120,89,40,58,102,146,115,40,40,53,84,128,35,48,48,48,141,154,30,154,35,79,61,48,136,48
13,21,27,38,134,124,132,34,42,37,156,45,133,53,79,61,48,105,69,56,69,33,77,33,20,41,85,67,85,36,41,62,75,93,57,150,163,132,83,52,26,127,57,52,96,39,109,60,122,42,42,135,148,55,68,130,86,37,143,99,187,63,112,125,63,45,45,89,138,107,195,151,45,133,120,89,177,58,133,146,146,40,159,53,159,128,172,48,97,48,40,154,48,154,105,79,48,48,136,48
21,34,115,56,41,124,26,52,42,130,50,89,133,53,35,61,48,149,17,131,113,33,20,59,59,85,147,67,85,36,67,62,75,44,57,150,57,132,39,83,26,39,83,127,78,39,34,60,122,104,135,117,55,55,55,161,161,81,50,99,42,63,37,125,76,50,45,138,138,107,58,50,45,133,120,89,177,58,102,146,159,66,40,53,35,128,35,172,79,48,141,154,48,154,35,79,48,123,136,48
21,34,53,56,41,62,132,52,42,130,63,89,133,146,128,154,48,149,162,131,113,82,95,59,59,85,103,67,85,217,67,49,75,44,150,80,57,44,31,83,26,39,158,127,78,91,153,104,122,104,65,117,55,55,42,161,161,81,143,174,42,63,125,200,76,50,138,138,138,226,45,50,45,133,71,89,177,53,40,76,159,66,190,89,35,159,141,172,79,48,40,66,48,92,105,105,48,123,74,149
8,21,115,12,41,31,88,21,29,37,50,19,40,115,35,110,30,105,43,25,64,126,33,121,20,41,147,15,36,98,67,124,23,137,57,119,70,39,31,26,70,127,171,47,96,21,34,60,21,73,91,16,55,55,117,130,86,29,143,50,42,50,37,81,24,138,45,45,138,151,45,76,58,133,120,133,40,27,102,102,115,40,40,35,128,79,172,48,48,97,141,110,110,123,35,79,61,167,136,92
8,96,115,25,41,124,88,47,29,130,50,45,40,102,35,110,30,56,43,144,64,108,33,33,20,41,147,67,36,80,67,62,23,106,57,106,70,70,31,52,70,65,171,171,96,184,34,122,21,73,91,42,55,55,117,130,86,81,143,187,42,174,37,156,24,182,45,45,138,76,45,151,58,45,120,45,40,115,102,53,115,40,40,53,128,79,172,48,48,141,141,61,110,61,35,35,61,167,136,136
16,21,71,100,41,31,88,47,135,37,63,45,40,115,66,35,136,105,43,51,64,126,33,183,72,41,103,54,36,98,93,62,23,137,150,106,70,39,31,176,44,127,171,34,96,21,153,60,166,73,91,148,55,55,117,130,60,29,143,37,42,50,37,156,125,138,169,45,138,151,45,50,71,133,239,40,40,27,84,53,190,40,40,66,128,79,172,141,48,97,154,61,110,123,61,35,48,167,123,74
16,47,71,100,33,124,132,47,135,68,63,45,133,53,66,35,136,56,162,51,157,33,183,183,72,134,103,54,59,142,93,62,23,119,150,106,119,132,176,176,44,96,158,34,78,91,153,60,166,73,91,148,60,55,68,130,60,174,143,37,42,187,37,156,125,200,169,45,120,89,195,50,71,164,239,40,71,53,84,53,190,40,190,66,66,128,79,141,48,71,154,61,48,61,61,35,48,105,123,74
11,109,22,25,15,31,39,21,91,130,11,45,40,27,35,110,43,43,38,51,113,126,46,121,46,41,116,67,129,142,111,124,23,137,106,119,18,39,57,26,70,39,34,140,140,39,34,60,73,73,42,55,29,55,55,130,174,29,99,37,24,63,125,81,24,138,94,45,19,151,58,76,120,71,27,40,32,146,53,102,45,66,128,66,84,79,53,48,48,97,22,154,154,110,123,79,61,167,43,43
24,109,53,25,59,31,26,21,135,130,37,45,133,27,27,110,136,43,43,51,157,126,139,121,165,41,28,67,85,142,67,124,62,137,57,119,70,39,39,26,70,39,57,140,47,39,34,60,60,73,117,55,86,55,161,130,161,29,50,37,94,63,37,81,125,138,76,45,120,151,58,76,45,71,133,40,84,146,146,102,45,66,115,66,203,79,53,48,141,97,48,154,229,110,154,79,48,167,48,43
11,109,14,25,15,80,132,47,91,130,37,45,40,27,27,154,43,43,131,51,113,77,139,152,46,178,28,67,129,142,67,155,23,75,31,119,18,70,83,83,70,39,83,140,140,39,109,60,73,210,135,55,29,86,161,42,174,81,112,37,24,63,94,55,24,76,94,45,19,107,58,164,120,71,71,40,32,146,146,53,45,66,40,66,84,128,53,141,48,48,185,154,154,110,154,198,61,92,136,43
112,47,14,144,54,80,132,47,42,117,37,138,133,53,27,154,74,56,131,51,157,77,139,152,121,178,28,129,111,173,67,155,106,75,31,57,57,70,83,83,70,171,83,171,96,39,109,60,104,210,135,148,55,86,161,42,60,81,112,73,187,63,94,55,76,76,94,50,182,107,58,164,133,102,71,151,84,89,146,53,190,190,40,66,159,128,53,141,123,48,185,154,110,92,154,198,48,92,136,136
19,8,35,113,103,31,39,96,91,24,125,19,40,115,35,48,43,118,131,25,38,33,46,121,46,41,54,15,129,98,111,124,75,18,31,31,57,88,57,145,96,127,83,47,140,65,34,60,73,29,42,55,179,117,55,130,174,37,37,50,24,50,125,81,169,32,76,45,151,32,58,50,120,40,40,133,32,27,53,102,45,53,115,128,159,35,53,48,172,48,40,110,154,35,123,53,74,30,136,43
19,122,35,51,103,31,39,34,91,130,125,37,40,53,35,61,43,105,131,56,38,126,46,152,46,72,54,160,129,98,111,111,75,93,31,57,57,70,57,101,96,189,83,52,140,65,34,60,73,42,42,148,179,55,55,42,174,29,37,187,24,50,125,156,169,169,76,138,151,151,58,120,120,102,40,63,32,146,53,146,45,40,115,190,159,79,53,141,172,97,40,66,154,123,123,105,74,167,136,136
19,29,35,113,103,124,39,96,135,37,125,19,71,53,27,48,136,149,131,25,38,77,95,121,165,41,54,15,36,36,142,124,75,181,31,31,57,70,176,145,96,127,83,47,122,65,109,60,122,73,42,55,179,55,99,130,161,29,37,50,94,156,63,81,169,138,76,45,151,151,151,50,71,45,40,133,177,146,102,102,45,128,115,128,159,172,128,48,172,48,40,110,92,136,105,53,74,48,136,43
107,29,128,25,41,124,39,140,135,37,37,37,71,53,27,61,136,149,69,144,64,77,95,108,165,41,191,116,36,36,142,111,168,181,119,101,101,70,176,83,96,127,39,127,122,65,109,60,122,73,117,55,130,55,99,42,161,29,50,37,94,156,63,55,125,138,138,45,45,151,151,195,71,45,71,63,177,146,102,76,45,128,53,159,97,172,128,128,123,48,185,154,92,136,105,79,159,48,105,118
6,29,22,113,116,31,39,96,16,86,125,63,27,115,35,48,30,30,38,25,51,33,46,33,28,33,54,41,36,98,62,124,31,31,106,31,18,88,57,145,114,158,34,140,21,65,34,91,21,135,42,55,148,117,68,99,24,29,37,143,68,50,63,169,24,138,94,45,58,32,151,50,19,45,133,89,40,27,53,53,71,115,128,128,84,35,53,141,22,141,40,61,35,35,61,53,22,48,43,43
27,29,84,113,28,31,31,96,29,86,156,63,133,115,27,48,136,30,43,25,113,33,139,33,46,33,41,41,129,98,23,124,168,31,150,31,70,88,57,145,70,158,202,140,140,65,109,91,73,135,91,55,29,117,161,99,60,29,81,143,42,50,63,169,63,138,76,45,58,32,107,50,164,45,71,89,32,27,58,53,97,115,146,128,84,35,53,141,79,141,48,61,154,35,35,53,48,48,48,43
14,29,22,69,28,23,39,47,135,86,125,63,133,146,35,61,43,30,38,144,157,64,46,33,134,33,54,41,80,142,62,62,49,31,106,150,70,39,57,101,70,158,34,140,78,91,34,91,21,135,42,148,86,47,68,99,86,29,37,143,42,63,63,169,76,138,94,89,58,151,151,195,164,45,133,89,84,84,53,53,27,115,128,115,58,128,53,141,97,141,40,61,110,35,61,105,123,48,43,167
14,42,128,69,28,23,31,47,135,130,125,63,133,146,79,61,43,105,131,144,157,64,46,90,134,85,54,160,80,142,155,62,49,181,150,150,70,39,132,101,70,96,57,65,78,91,91,153,21,197,135,148,86,47,117,130,86,174,81,99,42,63,187,156,76,138,76,89,58,151,107,195,164,76,45,89,84,84,58,128,27,66,115,115,58,128,172,141,97,110,40,61,110,35,154,105,123,48,167,167
22,16,35,12,116,31,57,21,42,24,125,107,27,71,53,17,43,30,131,100,51,25,90,121,134,41,54,129,36,49,62,31,49,137,150,119,18,88,132,52,114,127,34,47,21,65,60,29,60,135,86,29,148,148,68,37,86,37,37,50,68,63,63,32,76,45,45,45,58,32,151,76,58,40,133,133,40,146,84,115,27,159,40,128,84,66,128,35,79,48,40,35,35,35,61,30,123,136,105,92
22,91,35,113,116,23,57,140,42,174,125,19,27,45,53,154,43,105,131,51,51,64,90,59,134,134,54,41,36,54,62,36,49,67,150,31,18,101,132,127,114,96,34,47,21,65,60,60,60,135,86,55,148,55,68,68,86,112,37,143,68,125,63,55,76,107,45,182,58,182,151,50,58,177,133,133,40,177,84,53,27,159,40,159,84,172,128,141,79,97,40,35,35,154,61,79,123,167,105,74
22,16,35,51,54,31,57,21,42,24,63,58,133,71,53,35,43,30,131,51,64,25,90,59,134,41,147,41,129,49,155,36,49,137,150,57,163,88,132,26,114,127,83,78,96,65,60,122,60,135,86,55,104,148,68,68,86,37,218,143,68,63,50,55,76,45,45,182,151,32,81,76,58,40,45,115,32,146,84,146,27,159,40,159,159,66,128,48,79,48,92,35,154,35,105,79,123,136,105,74
35,42,53,51,54,49,132,21,86,86,63,58,133,27,128,35,105,56,162,51,64,77,139,59,134,178,147,41,129,80,155,36,124,93,150,57,163,114,114,26,145,158,83,78,96,184,91,122,166,135,135,55,104,47,68,68,86,174,218,143,68,125,50,55,169,169,76,182,151,89,81,76,45,195,45,115,32,146,84,146,190,115,159,159,159,128,110,48,79,123,92,35,154,154,105,79,136,48,48,74
9,16,22,12,116,44,13,47,42,130,32,107,89,71,22,35,30,30,38,100,51,25,20,59,41,33,116,129,36,49,111,124,31,137,106,119,44,132,26,26,65,127,127,47,34,65,122,153,21,135,42,29,148,148,16,68,37,81,99,50,68,63,125,81,24,45,138,45,58,107,120,32,71,133,40,133,32,146,27,53,71,159,128,128,172,66,48,110,97,48,22,35,35,92,61,105,22,136,74,92
110,16,22,12,28,44,52,47,42,130,125,107,40,71,141,35,74,30,131,100,64,25,46,59,72,33,103,129,80,49,155,124,168,137,106,119,119,132,39,26,145,127,109,47,184,65,60,153,104,135,42,29,86,148,55,68,42,81,81,50,68,63,50,81,125,45,94,45,58,107,58,32,102,133,133,133,32,146,53,53,97,159,66,128,58,66,172,110,141,48,185,35,154,92,105,105,74,136,43,92
9,104,97,126,116,44,26,47,42,130,125,32,89,97,48,35,30,180,131,38,51,170,46,59,41,33,103,116,36,173,111,124,31,44,57,57,44,132,145,26,65,127,109,52,34,65,34,153,21,135,42,55,148,47,68,68,37,81,81,50,68,156,63,81,24,138,107,76,58,107,107,32,71,133,71,115,32,115,53,53,71,159,66,128,172,172,172,110,97,48,185,61,35,92,123,105,22,48,74,74
30,104,97,126,54,137,26,96,42,37,125,32,71,97,48,110,74,180,131,38,157,170,46,152,46,178,103,116,173,173,111,106,49,44,57,57,163,70,145,176,26,65,109,52,96,184,34,60,166,135,42,55,55,47,68,205,86,81,81,50,125,156,63,55,76,138,107,76,138,257,107,195,58,71,71,115,71,115,53,146,53,159,66,128,110,172,172,110,79,154,185,61,92,61,123,53,167,48,74,74
17,24,22,33,72,18,101,21,42,37,32,107,89,14,48,123,136,118,38,100,64,33,46,121,41,59,116,129,67,23,36,62,137,44,106,57,44,26,52,52,65,127,127,140,34,109,184,78,73,29,42,29,104,73,55,37,37,55,99,99,94,19,63,81,24,45,138,45,151,32,107,76,71,133,40,40,32,102,177,97,45,53,128,128,172,27,35,35,97,92,22,35,154,123,61,105,167,136,74,74
17,117,22,126,72,44,101,91,42,37,32,151,89,115,48,61,136,149,38,38,64,77,46,152,41,41,116,41,67,80,36,62,137,137,106,57,44,163,52,101,65,39,127,52,34,140,184,52,73,122,42,60,104,161,55,55,37,37,99,50,94,50,63,81,24,138,138,76,151,45,107,195,71,164,40,71,32,53,177,128,45,159,128,115,172,128,35,53,97,48,22,66,154,185,61,79,167,136,74,74
17,117,48,33,72,31,101,21,34,37,125,107,133,66,48,123,136,149,69,100,64,25,46,121,134,33,54,129,67,98,36,62,137,93,57,57,163,88,52,52,158,39,34,140,184,140,184,78,73,122,135,29,104,117,55,37,60,174,143,99,94,112,63,81,24,138,120,45,151,107,107,76,120,164,133,40,177,53,177,97,45,97,97,128,159,66,35,35,79,97,92,35,154,61,61,105,167,123,74,74
105,117,48,126,98,31,39,47,34,37,125,58,133,66,53,35,136,149,69,82,157,25,77,108,134,33,54,67,173,98,62,124,49,93,57,57,163,88,145,189,158,39,34,184,184,140,60,153,166,122,135,117,86,117,99,55,60,174,143,143,94,112,187,37,76,138,120,182,63,107,107,102,120,164,133,115,177,53,128,53,45,97,97,66,159,66,53,48,79,97,92,66,185,61,154,105,123,123,74,136
12,24,110,33,23,93,26,47,16,37,32,45,40,115,22,123,92,118,131,144,12,25,46,121,41,59,28,41,36,142,111,62,44,44,44,57,39,176,52,39,114,127,127,140,47,21,122,78,47,29,42,148,117,47,68,68,130,55,143,99,112,156,125,81,24,45,138,45,107,107,120,50,19,133,40,40,58,53,27,97,71,53,40,115,35,66,141,79,141,92,40,123,35,61,61,105,74,136,74,74
25,24,48,33,116,93,145,47,60,37,63,45,177,115,141,123,30,118,69,144,157,25,46,121,134,59,98,41,67,142,124,62,137,44,150,57,44,176,132,39,65,127,127,140,70,21,135,78,21,29,86,148,130,47,161,68,37,55,143,99,68,156,156,81,63,45,169,45,58,107,81,50,71,133,115,40,115,53,128,97,71,53,66,115,58,66,53,79,48,92,48,123,185,61,61,105,61,136,74,74
25,16,110,82,54,93,26,47,60,29,32,45,27,115,22,154,136,30,131,144,38,25,46,121,134,85,28,41,28,142,111,62,137,137,44,88,44,176,52,39,158,96,127,78,140,21,122,166,166,73,42,148,29,47,68,68,86,55,143,50,68,156,125,200,63,138,138,138,58,107,120,50,71,102,40,89,40,53,27,53,71,159,40,115,58,66,141,79,48,141,40,123,35,61,61,61,61,123,74,74
25,16,66,82,54,44,101,140,60,29,94,58,27,159,141,154,136,30,131,175,38,108,38,59,134,85,147,173,28,98,155,62,137,137,57,88,44,62,145,75,158,96,83,78,140,184,34,166,166,73,86,91,29,192,55,68,86,55,143,50,68,112,112,200,63,138,45,138,58,112,58,102,71,102,164,89,40,177,84,53,71,159,66,234,58,79,53,53,48,141,92,92,35,110,154,61,61,123,74,74
12,24,110,20,15,18,26,109,16,37,81,27,133,53,48,123,92,56,131,25,38,33,46,121,41,59,28,36,28,23,155,31,44,44,44,75,132,26,52,52,114,65,78,21,140,60,153,78,47,135,179,104,29,73,68,130,130,55,143,24,68,37,156,32,24,45,76,45,32,32,120,102,19,133,71,40,84,53,84,27,71,66,40,35,84,27,141,35,141,92,40,110,110,61,61,30,74,136,211,92
12,37,110,126,15,137,26,21,16,29,81,151,133,40,48,123,92,56,131,38,38,77,46,33,41,178,28,129,28,124,155,62,44,44,44,57,132,163,52,52,114,65,78,140,140,153,153,52,47,42,179,148,29,47,68,130,130,130,143,50,68,94,156,55,24,138,76,76,32,89,120,76,19,164,71,133,84,146,84,97,71,115,40,89,84,53,141,79,141,141,40,154,110,185,61,105,74,123,211,74
113,24,48,33,15,18,145,65,55,37,81,32,133,53,48,35,43,56,118,100,38,33,139,33,134,59,54,160,28,23,155,93,75,44,57,119,132,26,52,145,158,65,78,140,140,60,153,52,122,135,179,29,29,73,130,130,112,55,174,143,68,37,156,55,107,45,76,37,32,32,58,76,58,133,71,133,84,53,84,146,71,66,172,128,84,27,172,79,97,92,40,154,110,61,61,105,105,136,211,92
113,86,48,33,41,31,145,65,55,29,169,32,89,115,141,35,43,43,118,100,38,170,139,33,134,59,54,160,129,142,93,93,75,93,57,119,119,62,52,145,158,65,202,140,96,60,91,52,122,73,86,29,86,99,130,130,112,55,174,143,94,156,112,55,107,50,169,37,89,151,58,76,58,102,71,133,84,53,84,146,71,128,172,128,203,53,172,79,97,97,40,154,154,198,154,105,105,61,97,92
20,37,9,33,36,44,114,109,104,55,32,32,40,53,97,123,92,56,25,51,126,51,20,121,41,134,116,129,36,23,49,31,44,88,119,150,132,88,26,52,39,65,34,47,47,60,122,78,47,135,42,148,55,29,16,130,130,130,99,50,112,37,125,32,76,107,19,37,32,58,32,102,58,164,89,84,58,53,146,27,97,66,128,66,84,79,48,35,141,141,66,110,35,61,61,30,74,136,30,43
33,37,123,33,129,44,52,109,29,55,81,32,40,53,35,123,74,56,38,51,113,51,38,121,134,134,54,129,173,23,111,31,49,88,44,150,119,88,52,52,114,65,39,47,47,60,153,78,166,135,73,148,179,29,68,130,112,130,143,50,187,37,125,32,169,107,169,37,58,58,58,102,71,164,71,84,84,53,102,27,128,66,190,66,58,79,141,35,110,141,79,110,260,61,61,30,61,136,61,43
20,37,123,33,36,44,52,60,104,55,32,32,40,66,35,61,92,149,131,51,126,51,38,59,41,134,54,129,36,98,62,124,44,88,106,150,132,88,57,145,39,52,127,47,47,153,153,78,47,47,73,148,55,29,161,161,130,130,99,50,112,156,112,81,76,107,94,37,32,58,58,76,58,164,71,84,58,146,102,97,97,66,190,66,84,79,53,216,141,141,66,110,35,48,61,79,74,136,43,43
33,55,123,51,129,88,52,60,148,130,32,58,84,66,35,61,43,149,131,82,38,126,38,59,103,116,54,160,80,98,62,124,49,137,106,49,132,88,57,145,65,52,127,171,47,153,153,78,122,47,73,148,104,192,161,161,68,112,99,125,143,156,112,81,76,50,94,63,63,89,58,76,164,146,71,133,177,146,102,97,53,66,190,141,84,79,53,216,79,247,66,198,48,48,61,79,167,154,43,74
20,11,30,20,36,18,114,109,104,24,125,120,40,14,97,123,136,118,38,25,126,46,20,59,72,15,54,129,28,49,49,80,137,44,150,75,132,132,26,101,39,34,78,47,96,109,122,78,166,91,42,104,55,73,16,130,37,24,37,94,143,37,125,107,76,32,182,45,32,32,32,102,58,40,71,40,177,102,146,27,97,53,128,35,84,27,48,79,123,22,66,154,110,61,61,123,123,43,74,92
20,99,30,46,36,44,114,34,104,50,125,182,40,53,97,61,136,105,38,175,126,33,20,59,72,147,54,129,28,36,49,155,137,44,150,49,132,39,26,52,39,65,78,140,96,60,122,34,166,73,42,117,55,73,16,130,37,174,37,50,143,37,125,107,76,76,182,89,32,58,32,133,58,133,71,84,177,146,146,146,97,177,128,115,84,27,48,66,123,48,66,154,110,48,61,79,123,48,74,74
108,24,30,20,129,44,26,109,42,50,125,120,40,66,141,123,136,118,38,25,38,139,38,59,72,54,54,129,28,36,62,80,137,44,150,75,70,39,145,101,65,65,78,47,96,153,109,78,166,42,42,104,192,47,117,130,37,37,37,94,143,156,112,107,169,76,182,45,120,58,102,102,102,133,71,40,177,146,84,27,97,53,128,35,40,128,128,79,123,48,66,154,110,48,61,123,123,136,74,92
108,24,79,46,129,44,26,153,42,50,76,151,177,66,141,154,74,118,69,82,38,139,38,59,209,54,85,41,80,36,62,54,75,44,106,163,70,39,145,52,65,65,127,140,47,153,109,197,91,42,135,55,192,47,117,117,86,37,130,50,143,156,112,81,169,76,68,37,120,58,102,58,102,133,71,84,89,146,84,252,97,53,159,66,40,128,128,48,79,48,92,35,141,48,61,198,185,136,74,74
7,112,30,95,23,18,114,47,117,24,32,120,40,14,97,123,17,30,87,144,126,46,64,59,28,54,116,129,36,49,49,80,31,44,31,49,39,132,26,101,52,127,34,47,47,109,34,52,29,42,34,55,55,73,42,117,37,143,99,94,63,37,125,107,32,76,32,138,107,32,32,102,19,133,89,40,58,102,146,53,115,66,159,40,35,27,141,79,22,48,66,154,35,61,92,123,22,74,136,105
28,112,123,95,36,18,52,47,148,24,76,120,40,14,35,123,180,30,69,144,126,46,64,59,72,54,54,129,28,49,155,80,137,44,150,49,44,132,145,101,127,127,171,47,47,109,135,52,47,42,73,55,42,73,161,117,130,143,104,94,24,37,86,107,24,76,94,138,151,32,102,102,164,133,71,40,58,102,53,53,71,66,141,40,84,27,141,79,172,48,123,154,110,61,61,123,74,74,97,105
28,112,30,95,85,62,114,47,29,24,32,32,32,40,97,123,30,30,87,144,157,139,64,90,134,54,116,98,28,142,49,168,137,44,31,49,44,88,26,52,114,127,34,140,140,60,34,52,47,42,34,55,42,73,42,117,130,143,99,143,24,37,125,63,169,76,32,138,151,89,32,102,71,133,89,133,58,53,146,53,71,66,159,40,203,128,141,79,141,48,66,92,110,61,92,79,74,74,136,105
28,68,22,46,85,62,145,60,29,143,63,32,32,40,141,61,30,149,38,100,157,139,90,90,134,147,46,98,28,142,62,168,137,88,150,194,44,88,83,52,114,114,127,140,140,60,34,104,47,166,34,179,42,73,117,236,130,55,81,143,24,37,63,63,169,76,182,151,151,89,58,195,71,120,71,133,58,53,53,97,71,159,128,159,203,128,128,79,141,141,48,92,110,61,105,79,74,74,74,74
15,11,30,20,23,106,70,16,29,99,24,120,40,128,48,30,136,118,87,51,126,46,64,28,134,28,147,36,36,49,62,31,44,44,31,75,39,132,145,114,158,127,65,34,47,34,34,29,135,91,34,104,55,99,42,37,81,50,143,24,63,37,63,125,50,32,32,37,107,182,151,27,71,133,40,40,58,40,102,53,71,53,159,128,35,172,141,97,79,48,92,110,35,61,92,123,22,43,136,136
15,50,30,20,23,57,70,34,29,50,24,58,40,40,48,35,136,56,87,25,126,77,64,121,134,54,147,67,36,142,62,54,44,181,31,75,39,114,145,145,158,158,65,47,47,34,34,78,135,73,34,55,55,73,42,130,81,174,143,94,63,112,63,107,50,213,32,45,107,58,151,76,71,45,40,133,58,115,102,53,71,66,159,40,35,79,141,141,79,53,92,154,35,61,92,79,22,105,136,92
15,11,43,46,129,106,70,34,29,99,24,58,32,128,48,123,136,118,131,25,126,46,64,152,134,28,147,67,80,49,62,80,44,44,106,31,132,132,145,52,158,127,65,109,47,34,91,104,135,91,86,55,55,99,161,68,81,50,143,143,156,37,63,32,50,32,182,182,151,182,151,76,71,133,40,133,133,40,102,53,71,53,97,40,58,172,66,141,79,48,92,154,92,61,154,74,22,43,198,118
103,125,43,46,129,31,96,34,179,37,169,58,32,115,172,123,43,56,131,25,126,51,64,152,134,54,46,67,80,49,155,80,137,75,106,31,132,114,114,52,158,127,171,109,47,60,91,104,47,73,86,55,55,130,161,68,81,143,81,143,156,262,112,32,169,63,182,182,151,58,58,76,164,45,71,133,133,115,84,53,71,97,97,40,58,172,66,141,79,141,92,154,92,185,154,74,74,136,198,118
23,32,17,20,36,106,13,122,117,99,32,120,58,128,22,61,43,56,25,51,126,139,108,77,28,28,72,36,54,98,18,80,44,44,31,75,132,39,101,96,52,127,26,34,91,34,122,104,135,73,42,104,55,99,130,37,37,50,50,24,63,112,32,125,50,76,138,37,151,182,120,120,19,133,89,40,133,40,53,53,115,159,128,128,35,172,48,141,22,48,66,110,61,154,30,74,61,48,136,136
116,32,30,20,36,106,65,122,148,99,24,120,32,128,97,61,92,56,87,51,38,139,139,77,121,28,116,36,173,98,111,80,137,44,106,75,163,39,52,96,96,127,65,34,96,34,60,104,122,73,34,104,148,99,161,37,205,50,99,24,63,112,63,125,125,76,32,37,32,182,102,120,133,133,102,40,58,40,146,53,97,159,159,128,58,172,141,141,172,48,66,110,154,154,61,74,61,48,136,136
23,32,92,46,36,44,114,122,117,143,24,120,58,40,141,61,43,56,175,38,126,139,20,77,28,147,46,67,54,98,155,80,44,44,106,49,132,39,52,96,52,114,65,78,91,122,60,104,135,73,135,148,55,99,42,37,37,130,55,50,63,112,37,125,50,76,68,45,151,133,32,120,19,45,102,84,133,53,128,53,115,159,97,66,35,128,48,141,22,48,66,123,61,154,61,74,61,48,136,167
15,81,92,46,28,44,114,153,29,143,24,120,84,40,141,61,136,87,175,38,95,77,20,165,72,147,46,67,54,49,155,199,137,137,106,49,101,88,52,52,158,114,65,78,140,122,60,60,122,73,135,148,104,99,42,68,130,130,55,50,63,143,37,200,50,76,68,45,89,133,32,76,133,45,102,84,177,53,128,146,71,146,97,66,110,128,48,141,97,48,66,123,154,48,61,198,74,154,136,167
23,19,17,108,36,26,52,122,55,24,32,120,58,35,22,30,43,74,25,51,64,20,59,77,134,103,72,129,54,23,36,31,44,44,31,101,132,39,52,26,65,34,26,34,91,109,60,29,135,91,42,42,148,16,42,130,130,50,50,50,156,125,37,125,50,138,138,37,151,120,58,71,164,40,89,40,133,102,27,53,115,66,128,128,84,35,79,141,97,48,66,61,61,123,123,123,61,43,136,136
23,32,17,64,36,31,52,34,55,99,32,32,58,159,22,92,43,118,25,144,64,139,59,51,134,28,72,129,54,142,36,54,44,36,31,75,132,132,52,145,65,127,26,78,91,153,60,104,135,91,42,55,148,73,42,42,130,143,50,50,156,112,37,81,50,138,138,89,151,32,58,76,164,102,89,84,133,84,27,53,115,53,128,159,84,66,79,141,97,48,66,110,61,110,123,154,61,48,136,43
36,32,43,108,54,31,52,122,55,50,50,120,133,128,22,30,87,149,87,51,64,46,59,77,134,147,28,129,129,49,36,31,106,36,57,101,163,83,52,26,65,65,78,34,140,109,60,29,135,42,179,42,148,73,42,130,130,143,81,50,156,37,37,125,125,138,94,37,151,89,58,71,164,102,115,40,115,40,27,53,146,66,159,128,84,79,79,141,97,92,185,61,92,154,123,123,167,48,136,136
36,32,43,59,54,31,65,60,148,50,50,58,133,128,97,123,87,149,87,144,51,46,152,77,46,147,28,160,129,49,155,80,106,36,57,75,163,83,145,96,65,65,78,215,140,109,47,78,135,42,179,117,78,73,192,42,161,143,81,55,68,37,107,81,125,138,94,89,151,89,102,120,177,102,115,133,115,40,146,53,146,66,159,159,84,79,172,141,172,92,185,61,92,154,198,154,167,48,136,74
10,19,17,108,23,119,13,122,117,24,45,58,14,128,48,79,43,74,131,100,33,46,108,77,90,103,72,129,23,93,36,106,31,44,31,101,39,39,101,26,52,34,26,78,21,153,60,122,42,91,34,42,117,117,130,130,37,50,50,50,112,63,125,76,32,138,138,182,107,151,120,71,45,40,133,177,27,40,27,53,66,66,128,110,128,79,48,141,35,48,66,61,123,154,154,35,22,43,136,74
23,19,43,108,49,119,65,122,117,24,138,58,53,128,35,79,43,74,38,100,64,46,152,77,41,103,46,129,36,93,155,106,75,44,57,101,132,39,145,26,52,34,127,78,47,153,47,122,135,91,42,42,55,117,42,130,81,50,50,50,63,63,63,76,169,138,94,182,120,151,102,71,19,40,164,177,177,40,146,53,146,66,159,110,110,79,79,141,185,48,97,61,61,154,154,35,61,43,167,74
111,94,17,46,23,119,13,122,29,143,45,58,53,128,48,79,43,48,131,100,126,46,108,51,41,54,72,116,142,93,36,106,75,137,31,101,132,39,101,52,65,39,26,78,47,153,60,122,73,104,34,55,104,117,130,68,81,50,50,50,156,63,125,76,169,138,138,182,107,151,120,151,120,71,133,177,40,40,27,53,146,128,128,110,110,79,48,172,185,185,66,172,61,154,154,35,105,180,136,74
111,94,61,46,23,31,39,122,29,143,138,89,53,97,141,167,43,48,87,51,126,139,59,51,41,54,72,116,142,142,36,62,75,137,88,101,132,132,52,52,65,39,127,78,47,91,60,78,73,104,86,55,104,73,117,68,81,50,143,50,156,156,156,200,169,138,94,182,107,89,58,151,120,71,40,84,40,84,84,53,146,128,97,159,110,79,110,172,185,185,92,172,61,110,53,136,105,180,167,167
10,19,105,15,98,119,127,29,117,50,45,27,27,35,48,30,43,74,131,113,126,33,33,28,90,103,98,36,49,23,36,124,31,36,181,26,132,39,39,52,52,127,171,96,47,109,60,122,42,135,34,29,104,68,117,37,37,50,174,50,112,125,125,125,32,138,45,19,58,151,58,120,45,71,133,40,146,102,27,53,66,66,128,35,110,27,53,97,35,48,66,48,35,123,154,123,22,136,136,43
10,45,105,33,98,57,127,122,117,24,45,151,27,66,48,79,43,30,131,51,126,108,33,103,90,54,98,67,49,142,36,31,31,181,181,75,132,132,39,52,52,39,171,140,47,153,60,73,42,117,34,42,104,148,117,130,37,81,174,94,112,94,125,125,32,138,45,89,58,107,58,71,45,71,133,133,146,221,27,53,66,128,128,66,110,172,53,141,35,185,66,185,35,84,154,123,22,198,136,92
31,19,105,121,98,119,127,60,55,50,138,76,27,35,97,79,43,74,38,95,126,33,33,103,72,103,98,36,49,23,111,124,75,36,181,119,132,39,39,52,158,127,171,140,47,109,153,73,47,135,179,42,104,68,117,112,174,50,174,50,112,125,107,37,50,138,45,45,58,151,58,32,164,71,71,71,146,102,177,53,27,66,66,66,110,27,53,141,97,48,185,110,35,123,61,74,167,136,136,167
31,45,43,121,142,119,39,60,55,37,138,76,146,66,97,79,43,48,38,95,113,77,121,103,72,147,98,36,129,49,111,124,75,44,132,119,44,83,52,52,158,65,127,140,47,122,153,73,47,166,179,42,78,148,55,112,174,81,125,50,156,63,107,37,50,169,50,45,169,151,58,32,164,71,71,71,58,71,177,53,27,128,66,66,141,128,110,141,97,92,185,110,167,61,61,74,167,198,242,167
18,107,25,121,23,119,34,29,73,50,19,76,102,128,22,30,43,100,38,25,33,33,108,28,90,41,15,129,49,49,124,124,137,36,119,70,39,39,101,52,65,127,34,140,47,60,122,122,42,135,60,104,117,68,130,37,68,55,24,50,37,37,63,125,138,138,45,37,107,151,58,120,45,71,27,71,53,84,53,53,66,159,128,66,128,27,141,97,35,79,110,61,185,110,79,123,74,136,30,92
31,107,30,121,49,119,127,29,148,50,45,76,146,128,48,30,35,100,82,25,64,33,108,28,41,41,72,129,142,49,36,124,137,36,88,70,101,39,39,52,65,127,78,140,91,60,153,122,47,135,86,104,55,68,130,37,130,55,99,50,63,37,63,125,50,138,45,37,182,151,58,120,120,71,89,71,58,84,102,53,27,159,115,66,66,27,48,97,185,79,141,61,92,110,154,123,74,136,123,92
18,107,118,121,23,57,127,78,73,99,45,76,102,128,92,105,43,100,38,25,33,77,152,121,90,41,116,129,49,49,62,75,137,181,150,70,39,176,39,52,65,109,78,140,47,60,153,34,42,73,42,104,117,29,42,68,68,55,81,50,37,37,63,76,138,138,138,37,107,58,58,71,45,208,164,71,53,84,102,84,66,159,40,66,128,79,53,128,35,79,141,61,185,110,53,167,74,74,123,92
93,45,118,121,142,57,127,78,47,99,45,50,53,115,92,105,136,100,38,51,38,77,152,121,103,54,116,67,49,49,62,75,137,181,150,150,70,176,39,52,127,109,78,171,184,171,153,34,179,73,42,73,55,29,42,68,174,112,81,94,37,169,63,76,169,244,138,37,151,58,58,71,164,208,164,177,146,71,102,84,190,159,40,66,110,79,53,128,71,141,141,61,35,61,53,167,61,74,123,167
18,14,118,28,49,26,34,29,73,112,32,27,102,35,22,123,35,25,38,51,126,95,108,121,134,28,67,36,49,49,124,124,137,18,150,119,70,39,101,52,65,34,26,96,47,47,122,122,135,42,34,148,55,117,130,68,68,24,99,50,37,125,63,76,138,94,94,63,58,120,58,120,164,133,89,40,53,146,53,53,159,14,40,66,35,27,141,35,185,48,141,48,185,123,79,74,74,43,123,180
18,120,118,59,49,75,34,78,73,94,32,102,102,35,22,123,35,118,38,51,126,139,108,72,134,41,67,111,49,49,124,36,137,44,150,31,70,70,101,52,65,65,26,140,47,109,122,73,135,166,34,86,55,68,130,68,68,55,99,81,37,187,63,169,138,125,94,76,58,107,58,164,164,58,89,177,53,102,53,84,159,53,40,128,35,27,141,128,185,79,141,92,185,110,79,123,74,167,123,74
106,120,118,28,49,75,127,29,99,24,32,27,40,128,48,123,35,69,38,51,126,139,59,121,134,103,67,36,54,49,36,124,137,36,150,119,70,70,83,52,158,65,26,96,78,60,109,122,135,91,34,148,55,161,68,68,174,143,99,50,63,187,125,76,50,125,94,63,58,107,58,120,164,40,89,40,146,146,190,53,159,115,40,66,35,27,185,35,185,48,141,48,61,110,154,74,167,167,123,180
106,120,56,77,98,75,127,104,99,24,76,120,40,128,48,74,180,69,175,51,108,139,59,33,72,103,28,67,54,49,36,75,137,36,57,70,207,70,83,83,158,65,78,127,78,60,109,166,73,91,73,104,148,161,68,130,174,143,81,81,63,187,125,125,50,125,45,37,89,107,58,120,89,40,71,133,146,146,190,53,115,115,97,66,84,27,185,128,71,48,141,154,61,110,154,74,167,167,123,66
13,27,25,28,111,26,34,122,24,50,94,120,27,35,48,123,17,118,38,51,33,95,46,121,41,147,116,67,23,49,124,75,93,62,119,119,132,39,145,52,13,65,26,34,47,47,122,73,42,179,60,148,29,117,42,68,37,143,143,50,112,125,63,76,45,32,45,63,45,120,58,71,40,71,177,71,53,146,40,53,115,159,128,66,128,27,141,35,48,48,22,154,123,123,79,74,48,136,30,180
119,27,74,28,23,26,127,122,68,50,138,120,102,35,48,123,35,118,69,51,64,95,59,121,90,147,160,67,142,49,186,75,124,62,106,119,39,39,145,52,114,65,26,34,47,47,109,73,166,179,179,148,99,117,99,68,68,143,81,50,37,125,63,76,125,32,94,63,107,120,58,71,164,71,63,71,53,146,40,53,66,159,40,66,128,27,203,35,35,48,123,154,185,123,53,74,136,136,242,180
26,27,25,121,49,119,34,122,117,50,94,120,146,66,48,74,61,118,38,51,64,33,46,72,178,147,116,67,142,49,124,75,31,62,119,70,70,70,145,52,158,65,26,34,47,153,122,73,135,179,60,148,99,68,42,68,68,143,143,50,125,138,63,169,138,32,45,120,151,133,58,71,45,71,177,71,133,146,40,190,66,159,128,66,128,66,141,102,71,48,22,154,136,84,79,167,22,136,30,92
26,120,118,121,49,119,65,73,117,50,32,71,146,66,48,74,61,69,69,51,64,33,152,72,178,147,67,67,142,49,137,168,31,119,132,70,70,70,145,189,158,65,65,101,47,153,83,166,135,91,117,148,99,68,68,68,68,205,50,187,125,138,63,169,138,99,138,120,151,133,58,164,45,94,89,58,133,146,102,190,66,115,159,66,128,66,203,102,71,185,123,66,136,84,105,167,22,48,97,92
26,27,17,28,111,18,83,29,55,112,94,19,27,84,48,30,61,56,30,113,33,95,46,20,28,28,116,85,23,49,155,31,137,62,31,57,132,31,145,114,39,34,26,96,47,47,122,21,135,29,86,29,29,117,42,86,29,24,143,50,112,156,63,32,138,138,138,63,45,32,89,58,45,133,177,32,53,146,40,115,159,40,97,35,128,27,79,97,141,48,22,48,123,123,167,22,167,136,74,30
