original_number,capture_iteration,capture_state,capture_number
717,1,ODD,717
717,2,EVEN,2152
717,3,EVEN,1076
717,4,EVEN,538
717,5,ODD,269
717,6,EVEN,808
717,7,EVEN,404
717,8,EVEN,202
717,9,ODD,101
717,10,EVEN,304
717,11,EVEN,152
717,12,EVEN,76
717,13,EVEN,38
717,14,ODD,19
717,15,EVEN,58
717,16,ODD,29
717,17,EVEN,88
717,18,EVEN,44
717,19,EVEN,22
717,20,ODD,11
717,21,EVEN,34
717,22,ODD,17
717,23,EVEN,52
717,24,EVEN,26
717,25,ODD,13
717,26,EVEN,40
717,27,EVEN,20
717,28,EVEN,10
717,29,ODD,5
717,30,EVEN,16
717,31,EVEN,8
717,32,EVEN,4
717,33,EVEN,2
717,34,END,1
135,1,ODD,135
135,2,EVEN,406
135,3,ODD,203
135,4,EVEN,610
135,5,ODD,305
135,6,EVEN,916
135,7,EVEN,458
135,8,ODD,229
135,9,EVEN,688
135,10,EVEN,344
135,11,EVEN,172
135,12,EVEN,86
135,13,ODD,43
135,14,EVEN,130
135,15,ODD,65
135,16,EVEN,196
135,17,EVEN,98
135,18,ODD,49
135,19,EVEN,148
135,20,EVEN,74
135,21,ODD,37
135,22,EVEN,112
135,23,EVEN,56
135,24,EVEN,28
135,25,EVEN,14
135,26,ODD,7
135,27,EVEN,22
135,28,ODD,11
135,29,EVEN,34
135,30,ODD,17
135,31,EVEN,52
135,32,EVEN,26
135,33,ODD,13
135,34,EVEN,40
135,35,EVEN,20
135,36,EVEN,10
135,37,ODD,5
135,38,EVEN,16
135,39,EVEN,8
135,40,EVEN,4
135,41,EVEN,2
135,42,END,1
841,1,ODD,841
841,2,EVEN,2524
841,3,EVEN,1262
841,4,ODD,631
841,5,EVEN,1894
841,6,ODD,947
841,7,EVEN,2842
841,8,ODD,1421
841,9,EVEN,4264
841,10,EVEN,2132
841,11,EVEN,1066
841,12,ODD,533
841,13,EVEN,1600
841,14,EVEN,800
841,15,EVEN,400
841,16,EVEN,200
841,17,EVEN,100
841,18,EVEN,50
841,19,ODD,25
841,20,EVEN,76
841,21,EVEN,38
841,22,ODD,19
841,23,EVEN,58
841,24,ODD,29
841,25,EVEN,88
841,26,EVEN,44
841,27,EVEN,22
841,28,ODD,11
841,29,EVEN,34
841,30,ODD,17
841,31,EVEN,52
841,32,EVEN,26
841,33,ODD,13
841,34,EVEN,40
841,35,EVEN,20
841,36,EVEN,10
841,37,ODD,5
841,38,EVEN,16
841,39,EVEN,8
841,40,EVEN,4
841,41,EVEN,2
841,42,END,1
817,1,ODD,817
817,2,EVEN,2452
817,3,EVEN,1226
817,4,ODD,613
817,5,EVEN,1840
817,6,EVEN,920
817,7,EVEN,460
817,8,EVEN,230
817,9,ODD,115
817,10,EVEN,346
817,11,ODD,173
817,12,EVEN,520
817,13,EVEN,260
817,14,EVEN,130
817,15,ODD,65
817,16,EVEN,196
817,17,EVEN,98
817,18,ODD,49
817,19,EVEN,148
817,20,EVEN,74
817,21,ODD,37
817,22,EVEN,112
817,23,EVEN,56
817,24,EVEN,28
817,25,EVEN,14
817,26,ODD,7
817,27,EVEN,22
817,28,ODD,11
817,29,EVEN,34
817,30,ODD,17
817,31,EVEN,52
817,32,EVEN,26
817,33,ODD,13
817,34,EVEN,40
817,35,EVEN,20
817,36,EVEN,10
817,37,ODD,5
817,38,EVEN,16
817,39,EVEN,8
817,40,EVEN,4
817,41,EVEN,2
817,42,END,1
867,1,ODD,867
867,2,EVEN,2602
867,3,ODD,1301
867,4,EVEN,3904
867,5,EVEN,1952
867,6,EVEN,976
867,7,EVEN,488
867,8,EVEN,244
867,9,EVEN,122
867,10,ODD,61
867,11,EVEN,184
867,12,EVEN,92
867,13,EVEN,46
867,14,ODD,23
867,15,EVEN,70
867,16,ODD,35
867,17,EVEN,106
867,18,ODD,53
867,19,EVEN,160
867,20,EVEN,80
867,21,EVEN,40
867,22,EVEN,20
867,23,EVEN,10
867,24,ODD,5
867,25,EVEN,16
867,26,EVEN,8
867,27,EVEN,4
867,28,EVEN,2
867,29,END,1
813,1,ODD,813
813,2,EVEN,2440
813,3,EVEN,1220
813,4,EVEN,610
813,5,ODD,305
813,6,EVEN,916
813,7,EVEN,458
813,8,ODD,229
813,9,EVEN,688
813,10,EVEN,344
813,11,EVEN,172
813,12,EVEN,86
813,13,ODD,43
813,14,EVEN,130
813,15,ODD,65
813,16,EVEN,196
813,17,EVEN,98
813,18,ODD,49
813,19,EVEN,148
813,20,EVEN,74
813,21,ODD,37
813,22,EVEN,112
813,23,EVEN,56
813,24,EVEN,28
813,25,EVEN,14
813,26,ODD,7
813,27,EVEN,22
813,28,ODD,11
813,29,EVEN,34
813,30,ODD,17
813,31,EVEN,52
813,32,EVEN,26
813,33,ODD,13
813,34,EVEN,40
813,35,EVEN,20
813,36,EVEN,10
813,37,ODD,5
813,38,EVEN,16
813,39,EVEN,8
813,40,EVEN,4
813,41,EVEN,2
813,42,END,1
693,1,ODD,693
693,2,EVEN,2080
693,3,EVEN,1040
693,4,EVEN,520
693,5,EVEN,260
693,6,EVEN,130
693,7,ODD,65
693,8,EVEN,196
693,9,EVEN,98
693,10,ODD,49
693,11,EVEN,148
693,12,EVEN,74
693,13,ODD,37
693,14,EVEN,112
693,15,EVEN,56
693,16,EVEN,28
693,17,EVEN,14
693,18,ODD,7
693,19,EVEN,22
693,20,ODD,11
693,21,EVEN,34
693,22,ODD,17
693,23,EVEN,52
693,24,EVEN,26
693,25,ODD,13
693,26,EVEN,40
693,27,EVEN,20
693,28,EVEN,10
693,29,ODD,5
693,30,EVEN,16
693,31,EVEN,8
693,32,EVEN,4
693,33,EVEN,2
693,34,END,1
423,1,ODD,423
423,2,EVEN,1270
423,3,ODD,635
423,4,EVEN,1906
423,5,ODD,953
423,6,EVEN,2860
423,7,EVEN,1430
423,8,ODD,715
423,9,EVEN,2146
423,10,ODD,1073
423,11,EVEN,3220
423,12,EVEN,1610
423,13,ODD,805
423,14,EVEN,2416
423,15,EVEN,1208
423,16,EVEN,604
423,17,EVEN,302
423,18,ODD,151
423,19,EVEN,454
423,20,ODD,227
423,21,EVEN,682
423,22,ODD,341
423,23,EVEN,1024
423,24,EVEN,512
423,25,EVEN,256
423,26,EVEN,128
423,27,EVEN,64
423,28,EVEN,32
423,29,EVEN,16
423,30,EVEN,8
423,31,EVEN,4
423,32,EVEN,2
423,33,END,1
847,1,ODD,847
847,2,EVEN,2542
847,3,ODD,1271
847,4,EVEN,3814
847,5,ODD,1907
847,6,EVEN,5722
847,7,ODD,2861
847,8,EVEN,8584
847,9,EVEN,4292
847,10,EVEN,2146
847,11,ODD,1073
847,12,EVEN,3220
847,13,EVEN,1610
847,14,ODD,805
847,15,EVEN,2416
847,16,EVEN,1208
847,17,EVEN,604
847,18,EVEN,302
847,19,ODD,151
847,20,EVEN,454
847,21,ODD,227
847,22,EVEN,682
847,23,ODD,341
847,24,EVEN,1024
847,25,EVEN,512
847,26,EVEN,256
847,27,EVEN,128
847,28,EVEN,64
847,29,EVEN,32
847,30,EVEN,16
847,31,EVEN,8
847,32,EVEN,4
847,33,EVEN,2
847,34,END,1
723,1,ODD,723
723,2,EVEN,2170
723,3,ODD,1085
723,4,EVEN,3256
723,5,EVEN,1628
723,6,EVEN,814
723,7,ODD,407
723,8,EVEN,1222
723,9,ODD,611
723,10,EVEN,1834
723,11,ODD,917
723,12,EVEN,2752
723,13,EVEN,1376
723,14,EVEN,688
723,15,EVEN,344
723,16,EVEN,172
723,17,EVEN,86
723,18,ODD,43
723,19,EVEN,130
723,20,ODD,65
723,21,EVEN,196
723,22,EVEN,98
723,23,ODD,49
723,24,EVEN,148
723,25,EVEN,74
723,26,ODD,37
723,27,EVEN,112
723,28,EVEN,56
723,29,EVEN,28
723,30,EVEN,14
723,31,ODD,7
723,32,EVEN,22
723,33,ODD,11
723,34,EVEN,34
723,35,ODD,17
723,36,EVEN,52
723,37,EVEN,26
723,38,ODD,13
723,39,EVEN,40
723,40,EVEN,20
723,41,EVEN,10
723,42,ODD,5
723,43,EVEN,16
723,44,EVEN,8
723,45,EVEN,4
723,46,EVEN,2
723,47,END,1
139,1,ODD,139
139,2,EVEN,418
139,3,ODD,209
139,4,EVEN,628
139,5,EVEN,314
139,6,ODD,157
139,7,EVEN,472
139,8,EVEN,236
139,9,EVEN,118
139,10,ODD,59
139,11,EVEN,178
139,12,ODD,89
139,13,EVEN,268
139,14,EVEN,134
139,15,ODD,67
139,16,EVEN,202
139,17,ODD,101
139,18,EVEN,304
139,19,EVEN,152
139,20,EVEN,76
139,21,EVEN,38
139,22,ODD,19
139,23,EVEN,58
139,24,ODD,29
139,25,EVEN,88
139,26,EVEN,44
139,27,EVEN,22
139,28,ODD,11
139,29,EVEN,34
139,30,ODD,17
139,31,EVEN,52
139,32,EVEN,26
139,33,ODD,13
139,34,EVEN,40
139,35,EVEN,20
139,36,EVEN,10
139,37,ODD,5
139,38,EVEN,16
139,39,EVEN,8
139,40,EVEN,4
139,41,EVEN,2
139,42,END,1
911,1,ODD,911
911,2,EVEN,2734
911,3,ODD,1367
911,4,EVEN,4102
911,5,ODD,2051
911,6,EVEN,6154
911,7,ODD,3077
911,8,EVEN,9232
911,9,EVEN,4616
911,10,EVEN,2308
911,11,EVEN,1154
911,12,ODD,577
911,13,EVEN,1732
911,14,EVEN,866
911,15,ODD,433
911,16,EVEN,1300
911,17,EVEN,650
911,18,ODD,325
911,19,EVEN,976
911,20,EVEN,488
911,21,EVEN,244
911,22,EVEN,122
911,23,ODD,61
911,24,EVEN,184
911,25,EVEN,92
911,26,EVEN,46
911,27,ODD,23
911,28,EVEN,70
911,29,ODD,35
911,30,EVEN,106
911,31,ODD,53
911,32,EVEN,160
911,33,EVEN,80
911,34,EVEN,40
911,35,EVEN,20
911,36,EVEN,10
911,37,ODD,5
911,38,EVEN,16
911,39,EVEN,8
911,40,EVEN,4
911,41,EVEN,2
911,42,END,1
115,1,ODD,115
115,2,EVEN,346
115,3,ODD,173
115,4,EVEN,520
115,5,EVEN,260
115,6,EVEN,130
115,7,ODD,65
115,8,EVEN,196
115,9,EVEN,98
115,10,ODD,49
115,11,EVEN,148
115,12,EVEN,74
115,13,ODD,37
115,14,EVEN,112
115,15,EVEN,56
115,16,EVEN,28
115,17,EVEN,14
115,18,ODD,7
115,19,EVEN,22
115,20,ODD,11
115,21,EVEN,34
115,22,ODD,17
115,23,EVEN,52
115,24,EVEN,26
115,25,ODD,13
115,26,EVEN,40
115,27,EVEN,20
115,28,EVEN,10
115,29,ODD,5
115,30,EVEN,16
115,31,EVEN,8
115,32,EVEN,4
115,33,EVEN,2
115,34,END,1
857,1,ODD,857
857,2,EVEN,2572
857,3,EVEN,1286
857,4,ODD,643
857,5,EVEN,1930
857,6,ODD,965
857,7,EVEN,2896
857,8,EVEN,1448
857,9,EVEN,724
857,10,EVEN,362
857,11,ODD,181
857,12,EVEN,544
857,13,EVEN,272
857,14,EVEN,136
857,15,EVEN,68
857,16,EVEN,34
857,17,ODD,17
857,18,EVEN,52
857,19,EVEN,26
857,20,ODD,13
857,21,EVEN,40
857,22,EVEN,20
857,23,EVEN,10
857,24,ODD,5
857,25,EVEN,16
857,26,EVEN,8
857,27,EVEN,4
857,28,EVEN,2
857,29,END,1
461,1,ODD,461
461,2,EVEN,1384
461,3,EVEN,692
461,4,EVEN,346
461,5,ODD,173
461,6,EVEN,520
461,7,EVEN,260
461,8,EVEN,130
461,9,ODD,65
461,10,EVEN,196
461,11,EVEN,98
461,12,ODD,49
461,13,EVEN,148
461,14,EVEN,74
461,15,ODD,37
461,16,EVEN,112
461,17,EVEN,56
461,18,EVEN,28
461,19,EVEN,14
461,20,ODD,7
461,21,EVEN,22
461,22,ODD,11
461,23,EVEN,34
461,24,ODD,17
461,25,EVEN,52
461,26,EVEN,26
461,27,ODD,13
461,28,EVEN,40
461,29,EVEN,20
461,30,EVEN,10
461,31,ODD,5
461,32,EVEN,16
461,33,EVEN,8
461,34,EVEN,4
461,35,EVEN,2
461,36,END,1
769,1,ODD,769
769,2,EVEN,2308
769,3,EVEN,1154
769,4,ODD,577
769,5,EVEN,1732
769,6,EVEN,866
769,7,ODD,433
769,8,EVEN,1300
769,9,EVEN,650
769,10,ODD,325
769,11,EVEN,976
769,12,EVEN,488
769,13,EVEN,244
769,14,EVEN,122
769,15,ODD,61
769,16,EVEN,184
769,17,EVEN,92
769,18,EVEN,46
769,19,ODD,23
769,20,EVEN,70
769,21,ODD,35
769,22,EVEN,106
769,23,ODD,53
769,24,EVEN,160
769,25,EVEN,80
769,26,EVEN,40
769,27,EVEN,20
769,28,EVEN,10
769,29,ODD,5
769,30,EVEN,16
769,31,EVEN,8
769,32,EVEN,4
769,33,EVEN,2
769,34,END,1
951,1,ODD,951
951,2,EVEN,2854
951,3,ODD,1427
951,4,EVEN,4282
951,5,ODD,2141
951,6,EVEN,6424
951,7,EVEN,3212
951,8,EVEN,1606
951,9,ODD,803
951,10,EVEN,2410
951,11,ODD,1205
951,12,EVEN,3616
951,13,EVEN,1808
951,14,EVEN,904
951,15,EVEN,452
951,16,EVEN,226
951,17,ODD,113
951,18,EVEN,340
951,19,EVEN,170
951,20,ODD,85
951,21,EVEN,256
951,22,EVEN,128
951,23,EVEN,64
951,24,EVEN,32
951,25,EVEN,16
951,26,EVEN,8
951,27,EVEN,4
951,28,EVEN,2
951,29,END,1
833,1,ODD,833
833,2,EVEN,2500
833,3,EVEN,1250
833,4,ODD,625
833,5,EVEN,1876
833,6,EVEN,938
833,7,ODD,469
833,8,EVEN,1408
833,9,EVEN,704
833,10,EVEN,352
833,11,EVEN,176
833,12,EVEN,88
833,13,EVEN,44
833,14,EVEN,22
833,15,ODD,11
833,16,EVEN,34
833,17,ODD,17
833,18,EVEN,52
833,19,EVEN,26
833,20,ODD,13
833,21,EVEN,40
833,22,EVEN,20
833,23,EVEN,10
833,24,ODD,5
833,25,EVEN,16
833,26,EVEN,8
833,27,EVEN,4
833,28,EVEN,2
833,29,END,1
841,1,ODD,841
841,2,EVEN,2524
841,3,EVEN,1262
841,4,ODD,631
841,5,EVEN,1894
841,6,ODD,947
841,7,EVEN,2842
841,8,ODD,1421
841,9,EVEN,4264
841,10,EVEN,2132
841,11,EVEN,1066
841,12,ODD,533
841,13,EVEN,1600
841,14,EVEN,800
841,15,EVEN,400
841,16,EVEN,200
841,17,EVEN,100
841,18,EVEN,50
841,19,ODD,25
841,20,EVEN,76
841,21,EVEN,38
841,22,ODD,19
841,23,EVEN,58
841,24,ODD,29
841,25,EVEN,88
841,26,EVEN,44
841,27,EVEN,22
841,28,ODD,11
841,29,EVEN,34
841,30,ODD,17
841,31,EVEN,52
841,32,EVEN,26
841,33,ODD,13
841,34,EVEN,40
841,35,EVEN,20
841,36,EVEN,10
841,37,ODD,5
841,38,EVEN,16
841,39,EVEN,8
841,40,EVEN,4
841,41,EVEN,2
841,42,END,1
845,1,ODD,845
845,2,EVEN,2536
845,3,EVEN,1268
845,4,EVEN,634
845,5,ODD,317
845,6,EVEN,952
845,7,EVEN,476
845,8,EVEN,238
845,9,ODD,119
845,10,EVEN,358
845,11,ODD,179
845,12,EVEN,538
845,13,ODD,269
845,14,EVEN,808
845,15,EVEN,404
845,16,EVEN,202
845,17,ODD,101
845,18,EVEN,304
845,19,EVEN,152
845,20,EVEN,76
845,21,EVEN,38
845,22,ODD,19
845,23,EVEN,58
845,24,ODD,29
845,25,EVEN,88
845,26,EVEN,44
845,27,EVEN,22
845,28,ODD,11
845,29,EVEN,34
845,30,ODD,17
845,31,EVEN,52
845,32,EVEN,26
845,33,ODD,13
845,34,EVEN,40
845,35,EVEN,20
845,36,EVEN,10
845,37,ODD,5
845,38,EVEN,16
845,39,EVEN,8
845,40,EVEN,4
845,41,EVEN,2
845,42,END,1
979,1,ODD,979
979,2,EVEN,2938
979,3,ODD,1469
979,4,EVEN,4408
979,5,EVEN,2204
979,6,EVEN,1102
979,7,ODD,551
979,8,EVEN,1654
979,9,ODD,827
979,10,EVEN,2482
979,11,ODD,1241
979,12,EVEN,3724
979,13,EVEN,1862
979,14,ODD,931
979,15,EVEN,2794
979,16,ODD,1397
979,17,EVEN,4192
979,18,EVEN,2096
979,19,EVEN,1048
979,20,EVEN,524
979,21,EVEN,262
979,22,ODD,131
979,23,EVEN,394
979,24,ODD,197
979,25,EVEN,592
979,26,EVEN,296
979,27,EVEN,148
979,28,EVEN,74
979,29,ODD,37
979,30,EVEN,112
979,31,EVEN,56
979,32,EVEN,28
979,33,EVEN,14
979,34,ODD,7
979,35,EVEN,22
979,36,ODD,11
979,37,EVEN,34
979,38,ODD,17
979,39,EVEN,52
979,40,EVEN,26
979,41,ODD,13
979,42,EVEN,40
979,43,EVEN,20
979,44,EVEN,10
979,45,ODD,5
979,46,EVEN,16
979,47,EVEN,8
979,48,EVEN,4
979,49,EVEN,2
979,50,END,1
321,1,ODD,321
321,2,EVEN,964
321,3,EVEN,482
321,4,ODD,241
321,5,EVEN,724
321,6,EVEN,362
321,7,ODD,181
321,8,EVEN,544
321,9,EVEN,272
321,10,EVEN,136
321,11,EVEN,68
321,12,EVEN,34
321,13,ODD,17
321,14,EVEN,52
321,15,EVEN,26
321,16,ODD,13
321,17,EVEN,40
321,18,EVEN,20
321,19,EVEN,10
321,20,ODD,5
321,21,EVEN,16
321,22,EVEN,8
321,23,EVEN,4
321,24,EVEN,2
321,25,END,1
911,1,ODD,911
911,2,EVEN,2734
911,3,ODD,1367
911,4,EVEN,4102
911,5,ODD,2051
911,6,EVEN,6154
911,7,ODD,3077
911,8,EVEN,9232
911,9,EVEN,4616
911,10,EVEN,2308
911,11,EVEN,1154
911,12,ODD,577
911,13,EVEN,1732
911,14,EVEN,866
911,15,ODD,433
911,16,EVEN,1300
911,17,EVEN,650
911,18,ODD,325
911,19,EVEN,976
911,20,EVEN,488
911,21,EVEN,244
911,22,EVEN,122
911,23,ODD,61
911,24,EVEN,184
911,25,EVEN,92
911,26,EVEN,46
911,27,ODD,23
911,28,EVEN,70
911,29,ODD,35
911,30,EVEN,106
911,31,ODD,53
911,32,EVEN,160
911,33,EVEN,80
911,34,EVEN,40
911,35,EVEN,20
911,36,EVEN,10
911,37,ODD,5
911,38,EVEN,16
911,39,EVEN,8
911,40,EVEN,4
911,41,EVEN,2
911,42,END,1
625,1,ODD,625
625,2,EVEN,1876
625,3,EVEN,938
625,4,ODD,469
625,5,EVEN,1408
625,6,EVEN,704
625,7,EVEN,352
625,8,EVEN,176
625,9,EVEN,88
625,10,EVEN,44
625,11,EVEN,22
625,12,ODD,11
625,13,EVEN,34
625,14,ODD,17
625,15,EVEN,52
625,16,EVEN,26
625,17,ODD,13
625,18,EVEN,40
625,19,EVEN,20
625,20,EVEN,10
625,21,ODD,5
625,22,EVEN,16
625,23,EVEN,8
625,24,EVEN,4
625,25,EVEN,2
625,26,END,1
653,1,ODD,653
653,2,EVEN,1960
653,3,EVEN,980
653,4,EVEN,490
653,5,ODD,245
653,6,EVEN,736
653,7,EVEN,368
653,8,EVEN,184
653,9,EVEN,92
653,10,EVEN,46
653,11,ODD,23
653,12,EVEN,70
653,13,ODD,35
653,14,EVEN,106
653,15,ODD,53
653,16,EVEN,160
653,17,EVEN,80
653,18,EVEN,40
653,19,EVEN,20
653,20,EVEN,10
653,21,ODD,5
653,22,EVEN,16
653,23,EVEN,8
653,24,EVEN,4
653,25,EVEN,2
653,26,END,1
953,1,ODD,953
953,2,EVEN,2860
953,3,EVEN,1430
953,4,ODD,715
953,5,EVEN,2146
953,6,ODD,1073
953,7,EVEN,3220
953,8,EVEN,1610
953,9,ODD,805
953,10,EVEN,2416
953,11,EVEN,1208
953,12,EVEN,604
953,13,EVEN,302
953,14,ODD,151
953,15,EVEN,454
953,16,ODD,227
953,17,EVEN,682
953,18,ODD,341
953,19,EVEN,1024
953,20,EVEN,512
953,21,EVEN,256
953,22,EVEN,128
953,23,EVEN,64
953,24,EVEN,32
953,25,EVEN,16
953,26,EVEN,8
953,27,EVEN,4
953,28,EVEN,2
953,29,END,1
423,1,ODD,423
423,2,EVEN,1270
423,3,ODD,635
423,4,EVEN,1906
423,5,ODD,953
423,6,EVEN,2860
423,7,EVEN,1430
423,8,ODD,715
423,9,EVEN,2146
423,10,ODD,1073
423,11,EVEN,3220
423,12,EVEN,1610
423,13,ODD,805
423,14,EVEN,2416
423,15,EVEN,1208
423,16,EVEN,604
423,17,EVEN,302
423,18,ODD,151
423,19,EVEN,454
423,20,ODD,227
423,21,EVEN,682
423,22,ODD,341
423,23,EVEN,1024
423,24,EVEN,512
423,25,EVEN,256
423,26,EVEN,128
423,27,EVEN,64
423,28,EVEN,32
423,29,EVEN,16
423,30,EVEN,8
423,31,EVEN,4
423,32,EVEN,2
423,33,END,1
749,1,ODD,749
749,2,EVEN,2248
749,3,EVEN,1124
749,4,EVEN,562
749,5,ODD,281
749,6,EVEN,844
749,7,EVEN,422
749,8,ODD,211
749,9,EVEN,634
749,10,ODD,317
749,11,EVEN,952
749,12,EVEN,476
749,13,EVEN,238
749,14,ODD,119
749,15,EVEN,358
749,16,ODD,179
749,17,EVEN,538
749,18,ODD,269
749,19,EVEN,808
749,20,EVEN,404
749,21,EVEN,202
749,22,ODD,101
749,23,EVEN,304
749,24,EVEN,152
749,25,EVEN,76
749,26,EVEN,38
749,27,ODD,19
749,28,EVEN,58
749,29,ODD,29
749,30,EVEN,88
749,31,EVEN,44
749,32,EVEN,22
749,33,ODD,11
749,34,EVEN,34
749,35,ODD,17
749,36,EVEN,52
749,37,EVEN,26
749,38,ODD,13
749,39,EVEN,40
749,40,EVEN,20
749,41,EVEN,10
749,42,ODD,5
749,43,EVEN,16
749,44,EVEN,8
749,45,EVEN,4
749,46,EVEN,2
749,47,END,1
145,1,ODD,145
145,2,EVEN,436
145,3,EVEN,218
145,4,ODD,109
145,5,EVEN,328
145,6,EVEN,164
145,7,EVEN,82
145,8,ODD,41
145,9,EVEN,124
145,10,EVEN,62
145,11,ODD,31
145,12,EVEN,94
145,13,ODD,47
145,14,EVEN,142
145,15,ODD,71
145,16,EVEN,214
145,17,ODD,107
145,18,EVEN,322
145,19,ODD,161
145,20,EVEN,484
145,21,EVEN,242
145,22,ODD,121
145,23,EVEN,364
145,24,EVEN,182
145,25,ODD,91
145,26,EVEN,274
145,27,ODD,137
145,28,EVEN,412
145,29,EVEN,206
145,30,ODD,103
145,31,EVEN,310
145,32,ODD,155
145,33,EVEN,466
145,34,ODD,233
145,35,EVEN,700
145,36,EVEN,350
145,37,ODD,175
145,38,EVEN,526
145,39,ODD,263
145,40,EVEN,790
145,41,ODD,395
145,42,EVEN,1186
145,43,ODD,593
145,44,EVEN,1780
145,45,EVEN,890
145,46,ODD,445
145,47,EVEN,1336
145,48,EVEN,668
145,49,EVEN,334
145,50,ODD,167
145,51,EVEN,502
145,52,ODD,251
145,53,EVEN,754
145,54,ODD,377
145,55,EVEN,1132
145,56,EVEN,566
145,57,ODD,283
145,58,EVEN,850
145,59,ODD,425
145,60,EVEN,1276
145,61,EVEN,638
145,62,ODD,319
145,63,EVEN,958
145,64,ODD,479
145,65,EVEN,1438
145,66,ODD,719
145,67,EVEN,2158
145,68,ODD,1079
145,69,EVEN,3238
145,70,ODD,1619
145,71,EVEN,4858
145,72,ODD,2429
145,73,EVEN,7288
145,74,EVEN,3644
145,75,EVEN,1822
145,76,ODD,911
145,77,EVEN,2734
145,78,ODD,1367
145,79,EVEN,4102
145,80,ODD,2051
145,81,EVEN,6154
145,82,ODD,3077
145,83,EVEN,9232
145,84,EVEN,4616
145,85,EVEN,2308
145,86,EVEN,1154
145,87,ODD,577
145,88,EVEN,1732
145,89,EVEN,866
145,90,ODD,433
145,91,EVEN,1300
145,92,EVEN,650
145,93,ODD,325
145,94,EVEN,976
145,95,EVEN,488
145,96,EVEN,244
145,97,EVEN,122
145,98,ODD,61
145,99,EVEN,184
145,100,EVEN,92
145,101,EVEN,46
145,102,ODD,23
145,103,EVEN,70
145,104,ODD,35
145,105,EVEN,106
145,106,ODD,53
145,107,EVEN,160
145,108,EVEN,80
145,109,EVEN,40
145,110,EVEN,20
145,111,EVEN,10
145,112,ODD,5
145,113,EVEN,16
145,114,EVEN,8
145,115,EVEN,4
145,116,EVEN,2
145,117,END,1
309,1,ODD,309
309,2,EVEN,928
309,3,EVEN,464
309,4,EVEN,232
309,5,EVEN,116
309,6,EVEN,58
309,7,ODD,29
309,8,EVEN,88
309,9,EVEN,44
309,10,EVEN,22
309,11,ODD,11
309,12,EVEN,34
309,13,ODD,17
309,14,EVEN,52
309,15,EVEN,26
309,16,ODD,13
309,17,EVEN,40
309,18,EVEN,20
309,19,EVEN,10
309,20,ODD,5
309,21,EVEN,16
309,22,EVEN,8
309,23,EVEN,4
309,24,EVEN,2
309,25,END,1
465,1,ODD,465
465,2,EVEN,1396
465,3,EVEN,698
465,4,ODD,349
465,5,EVEN,1048
465,6,EVEN,524
465,7,EVEN,262
465,8,ODD,131
465,9,EVEN,394
465,10,ODD,197
465,11,EVEN,592
465,12,EVEN,296
465,13,EVEN,148
465,14,EVEN,74
465,15,ODD,37
465,16,EVEN,112
465,17,EVEN,56
465,18,EVEN,28
465,19,EVEN,14
465,20,ODD,7
465,21,EVEN,22
465,22,ODD,11
465,23,EVEN,34
465,24,ODD,17
465,25,EVEN,52
465,26,EVEN,26
465,27,ODD,13
465,28,EVEN,40
465,29,EVEN,20
465,30,EVEN,10
465,31,ODD,5
465,32,EVEN,16
465,33,EVEN,8
465,34,EVEN,4
465,35,EVEN,2
465,36,END,1
969,1,ODD,969
969,2,EVEN,2908
969,3,EVEN,1454
969,4,ODD,727
969,5,EVEN,2182
969,6,ODD,1091
969,7,EVEN,3274
969,8,ODD,1637
969,9,EVEN,4912
969,10,EVEN,2456
969,11,EVEN,1228
969,12,EVEN,614
969,13,ODD,307
969,14,EVEN,922
969,15,ODD,461
969,16,EVEN,1384
969,17,EVEN,692
969,18,EVEN,346
969,19,ODD,173
969,20,EVEN,520
969,21,EVEN,260
969,22,EVEN,130
969,23,ODD,65
969,24,EVEN,196
969,25,EVEN,98
969,26,ODD,49
969,27,EVEN,148
969,28,EVEN,74
969,29,ODD,37
969,30,EVEN,112
969,31,EVEN,56
969,32,EVEN,28
969,33,EVEN,14
969,34,ODD,7
969,35,EVEN,22
969,36,ODD,11
969,37,EVEN,34
969,38,ODD,17
969,39,EVEN,52
969,40,EVEN,26
969,41,ODD,13
969,42,EVEN,40
969,43,EVEN,20
969,44,EVEN,10
969,45,ODD,5
969,46,EVEN,16
969,47,EVEN,8
969,48,EVEN,4
969,49,EVEN,2
969,50,END,1
473,1,ODD,473
473,2,EVEN,1420
473,3,EVEN,710
473,4,ODD,355
473,5,EVEN,1066
473,6,ODD,533
473,7,EVEN,1600
473,8,EVEN,800
473,9,EVEN,400
473,10,EVEN,200
473,11,EVEN,100
473,12,EVEN,50
473,13,ODD,25
473,14,EVEN,76
473,15,EVEN,38
473,16,ODD,19
473,17,EVEN,58
473,18,ODD,29
473,19,EVEN,88
473,20,EVEN,44
473,21,EVEN,22
473,22,ODD,11
473,23,EVEN,34
473,24,ODD,17
473,25,EVEN,52
473,26,EVEN,26
473,27,ODD,13
473,28,EVEN,40
473,29,EVEN,20
473,30,EVEN,10
473,31,ODD,5
473,32,EVEN,16
473,33,EVEN,8
473,34,EVEN,4
473,35,EVEN,2
473,36,END,1
899,1,ODD,899
899,2,EVEN,2698
899,3,ODD,1349
899,4,EVEN,4048
899,5,EVEN,2024
899,6,EVEN,1012
899,7,EVEN,506
899,8,ODD,253
899,9,EVEN,760
899,10,EVEN,380
899,11,EVEN,190
899,12,ODD,95
899,13,EVEN,286
899,14,ODD,143
899,15,EVEN,430
899,16,ODD,215
899,17,EVEN,646
899,18,ODD,323
899,19,EVEN,970
899,20,ODD,485
899,21,EVEN,1456
899,22,EVEN,728
899,23,EVEN,364
899,24,EVEN,182
899,25,ODD,91
899,26,EVEN,274
899,27,ODD,137
899,28,EVEN,412
899,29,EVEN,206
899,30,ODD,103
899,31,EVEN,310
899,32,ODD,155
899,33,EVEN,466
899,34,ODD,233
899,35,EVEN,700
899,36,EVEN,350
899,37,ODD,175
899,38,EVEN,526
899,39,ODD,263
899,40,EVEN,790
899,41,ODD,395
899,42,EVEN,1186
899,43,ODD,593
899,44,EVEN,1780
899,45,EVEN,890
899,46,ODD,445
899,47,EVEN,1336
899,48,EVEN,668
899,49,EVEN,334
899,50,ODD,167
899,51,EVEN,502
899,52,ODD,251
899,53,EVEN,754
899,54,ODD,377
899,55,EVEN,1132
899,56,EVEN,566
899,57,ODD,283
899,58,EVEN,850
899,59,ODD,425
899,60,EVEN,1276
899,61,EVEN,638
899,62,ODD,319
899,63,EVEN,958
899,64,ODD,479
899,65,EVEN,1438
899,66,ODD,719
899,67,EVEN,2158
899,68,ODD,1079
899,69,EVEN,3238
899,70,ODD,1619
899,71,EVEN,4858
899,72,ODD,2429
899,73,EVEN,7288
899,74,EVEN,3644
899,75,EVEN,1822
899,76,ODD,911
899,77,EVEN,2734
899,78,ODD,1367
899,79,EVEN,4102
899,80,ODD,2051
899,81,EVEN,6154
899,82,ODD,3077
899,83,EVEN,9232
899,84,EVEN,4616
899,85,EVEN,2308
899,86,EVEN,1154
899,87,ODD,577
899,88,EVEN,1732
899,89,EVEN,866
899,90,ODD,433
899,91,EVEN,1300
899,92,EVEN,650
899,93,ODD,325
899,94,EVEN,976
899,95,EVEN,488
899,96,EVEN,244
899,97,EVEN,122
899,98,ODD,61
899,99,EVEN,184
899,100,EVEN,92
899,101,EVEN,46
899,102,ODD,23
899,103,EVEN,70
899,104,ODD,35
899,105,EVEN,106
899,106,ODD,53
899,107,EVEN,160
899,108,EVEN,80
899,109,EVEN,40
899,110,EVEN,20
899,111,EVEN,10
899,112,ODD,5
899,113,EVEN,16
899,114,EVEN,8
899,115,EVEN,4
899,116,EVEN,2
899,117,END,1
309,1,ODD,309
309,2,EVEN,928
309,3,EVEN,464
309,4,EVEN,232
309,5,EVEN,116
309,6,EVEN,58
309,7,ODD,29
309,8,EVEN,88
309,9,EVEN,44
309,10,EVEN,22
309,11,ODD,11
309,12,EVEN,34
309,13,ODD,17
309,14,EVEN,52
309,15,EVEN,26
309,16,ODD,13
309,17,EVEN,40
309,18,EVEN,20
309,19,EVEN,10
309,20,ODD,5
309,21,EVEN,16
309,22,EVEN,8
309,23,EVEN,4
309,24,EVEN,2
309,25,END,1
597,1,ODD,597
597,2,EVEN,1792
597,3,EVEN,896
597,4,EVEN,448
597,5,EVEN,224
597,6,EVEN,112
597,7,EVEN,56
597,8,EVEN,28
597,9,EVEN,14
597,10,ODD,7
597,11,EVEN,22
597,12,ODD,11
597,13,EVEN,34
597,14,ODD,17
597,15,EVEN,52
597,16,EVEN,26
597,17,ODD,13
597,18,EVEN,40
597,19,EVEN,20
597,20,EVEN,10
597,21,ODD,5
597,22,EVEN,16
597,23,EVEN,8
597,24,EVEN,4
597,25,EVEN,2
597,26,END,1
999,1,ODD,999
999,2,EVEN,2998
999,3,ODD,1499
999,4,EVEN,4498
999,5,ODD,2249
999,6,EVEN,6748
999,7,EVEN,3374
999,8,ODD,1687
999,9,EVEN,5062
999,10,ODD,2531
999,11,EVEN,7594
999,12,ODD,3797
999,13,EVEN,11392
999,14,EVEN,5696
999,15,EVEN,2848
999,16,EVEN,1424
999,17,EVEN,712
999,18,EVEN,356
999,19,EVEN,178
999,20,ODD,89
999,21,EVEN,268
999,22,EVEN,134
999,23,ODD,67
999,24,EVEN,202
999,25,ODD,101
999,26,EVEN,304
999,27,EVEN,152
999,28,EVEN,76
999,29,EVEN,38
999,30,ODD,19
999,31,EVEN,58
999,32,ODD,29
999,33,EVEN,88
999,34,EVEN,44
999,35,EVEN,22
999,36,ODD,11
999,37,EVEN,34
999,38,ODD,17
999,39,EVEN,52
999,40,EVEN,26
999,41,ODD,13
999,42,EVEN,40
999,43,EVEN,20
999,44,EVEN,10
999,45,ODD,5
999,46,EVEN,16
999,47,EVEN,8
999,48,EVEN,4
999,49,EVEN,2
999,50,END,1
135,1,ODD,135
135,2,EVEN,406
135,3,ODD,203
135,4,EVEN,610
135,5,ODD,305
135,6,EVEN,916
135,7,EVEN,458
135,8,ODD,229
135,9,EVEN,688
135,10,EVEN,344
135,11,EVEN,172
135,12,EVEN,86
135,13,ODD,43
135,14,EVEN,130
135,15,ODD,65
135,16,EVEN,196
135,17,EVEN,98
135,18,ODD,49
135,19,EVEN,148
135,20,EVEN,74
135,21,ODD,37
135,22,EVEN,112
135,23,EVEN,56
135,24,EVEN,28
135,25,EVEN,14
135,26,ODD,7
135,27,EVEN,22
135,28,ODD,11
135,29,EVEN,34
135,30,ODD,17
135,31,EVEN,52
135,32,EVEN,26
135,33,ODD,13
135,34,EVEN,40
135,35,EVEN,20
135,36,EVEN,10
135,37,ODD,5
135,38,EVEN,16
135,39,EVEN,8
135,40,EVEN,4
135,41,EVEN,2
135,42,END,1
875,1,ODD,875
875,2,EVEN,2626
875,3,ODD,1313
875,4,EVEN,3940
875,5,EVEN,1970
875,6,ODD,985
875,7,EVEN,2956
875,8,EVEN,1478
875,9,ODD,739
875,10,EVEN,2218
875,11,ODD,1109
875,12,EVEN,3328
875,13,EVEN,1664
875,14,EVEN,832
875,15,EVEN,416
875,16,EVEN,208
875,17,EVEN,104
875,18,EVEN,52
875,19,EVEN,26
875,20,ODD,13
875,21,EVEN,40
875,22,EVEN,20
875,23,EVEN,10
875,24,ODD,5
875,25,EVEN,16
875,26,EVEN,8
875,27,EVEN,4
875,28,EVEN,2
875,29,END,1
843,1,ODD,843
843,2,EVEN,2530
843,3,ODD,1265
843,4,EVEN,3796
843,5,EVEN,1898
843,6,ODD,949
843,7,EVEN,2848
843,8,EVEN,1424
843,9,EVEN,712
843,10,EVEN,356
843,11,EVEN,178
843,12,ODD,89
843,13,EVEN,268
843,14,EVEN,134
843,15,ODD,67
843,16,EVEN,202
843,17,ODD,101
843,18,EVEN,304
843,19,EVEN,152
843,20,EVEN,76
843,21,EVEN,38
843,22,ODD,19
843,23,EVEN,58
843,24,ODD,29
843,25,EVEN,88
843,26,EVEN,44
843,27,EVEN,22
843,28,ODD,11
843,29,EVEN,34
843,30,ODD,17
843,31,EVEN,52
843,32,EVEN,26
843,33,ODD,13
843,34,EVEN,40
843,35,EVEN,20
843,36,EVEN,10
843,37,ODD,5
843,38,EVEN,16
843,39,EVEN,8
843,40,EVEN,4
843,41,EVEN,2
843,42,END,1
809,1,ODD,809
809,2,EVEN,2428
809,3,EVEN,1214
809,4,ODD,607
809,5,EVEN,1822
809,6,ODD,911
809,7,EVEN,2734
809,8,ODD,1367
809,9,EVEN,4102
809,10,ODD,2051
809,11,EVEN,6154
809,12,ODD,3077
809,13,EVEN,9232
809,14,EVEN,4616
809,15,EVEN,2308
809,16,EVEN,1154
809,17,ODD,577
809,18,EVEN,1732
809,19,EVEN,866
809,20,ODD,433
809,21,EVEN,1300
809,22,EVEN,650
809,23,ODD,325
809,24,EVEN,976
809,25,EVEN,488
809,26,EVEN,244
809,27,EVEN,122
809,28,ODD,61
809,29,EVEN,184
809,30,EVEN,92
809,31,EVEN,46
809,32,ODD,23
809,33,EVEN,70
809,34,ODD,35
809,35,EVEN,106
809,36,ODD,53
809,37,EVEN,160
809,38,EVEN,80
809,39,EVEN,40
809,40,EVEN,20
809,41,EVEN,10
809,42,ODD,5
809,43,EVEN,16
809,44,EVEN,8
809,45,EVEN,4
809,46,EVEN,2
809,47,END,1
771,1,ODD,771
771,2,EVEN,2314
771,3,ODD,1157
771,4,EVEN,3472
771,5,EVEN,1736
771,6,EVEN,868
771,7,EVEN,434
771,8,ODD,217
771,9,EVEN,652
771,10,EVEN,326
771,11,ODD,163
771,12,EVEN,490
771,13,ODD,245
771,14,EVEN,736
771,15,EVEN,368
771,16,EVEN,184
771,17,EVEN,92
771,18,EVEN,46
771,19,ODD,23
771,20,EVEN,70
771,21,ODD,35
771,22,EVEN,106
771,23,ODD,53
771,24,EVEN,160
771,25,EVEN,80
771,26,EVEN,40
771,27,EVEN,20
771,28,EVEN,10
771,29,ODD,5
771,30,EVEN,16
771,31,EVEN,8
771,32,EVEN,4
771,33,EVEN,2
771,34,END,1
133,1,ODD,133
133,2,EVEN,400
133,3,EVEN,200
133,4,EVEN,100
133,5,EVEN,50
133,6,ODD,25
133,7,EVEN,76
133,8,EVEN,38
133,9,ODD,19
133,10,EVEN,58
133,11,ODD,29
133,12,EVEN,88
133,13,EVEN,44
133,14,EVEN,22
133,15,ODD,11
133,16,EVEN,34
133,17,ODD,17
133,18,EVEN,52
133,19,EVEN,26
133,20,ODD,13
133,21,EVEN,40
133,22,EVEN,20
133,23,EVEN,10
133,24,ODD,5
133,25,EVEN,16
133,26,EVEN,8
133,27,EVEN,4
133,28,EVEN,2
133,29,END,1
927,1,ODD,927
927,2,EVEN,2782
927,3,ODD,1391
927,4,EVEN,4174
927,5,ODD,2087
927,6,EVEN,6262
927,7,ODD,3131
927,8,EVEN,9394
927,9,ODD,4697
927,10,EVEN,14092
927,11,EVEN,7046
927,12,ODD,3523
927,13,EVEN,10570
927,14,ODD,5285
927,15,EVEN,15856
927,16,EVEN,7928
927,17,EVEN,3964
927,18,EVEN,1982
927,19,ODD,991
927,20,EVEN,2974
927,21,ODD,1487
927,22,EVEN,4462
927,23,ODD,2231
927,24,EVEN,6694
927,25,ODD,3347
927,26,EVEN,10042
927,27,ODD,5021
927,28,EVEN,15064
927,29,EVEN,7532
927,30,EVEN,3766
927,31,ODD,1883
927,32,EVEN,5650
927,33,ODD,2825
927,34,EVEN,8476
927,35,EVEN,4238
927,36,ODD,2119
927,37,EVEN,6358
927,38,ODD,3179
927,39,EVEN,9538
927,40,ODD,4769
927,41,EVEN,14308
927,42,EVEN,7154
927,43,ODD,3577
927,44,EVEN,10732
927,45,EVEN,5366
927,46,ODD,2683
927,47,EVEN,8050
927,48,ODD,4025
927,49,EVEN,12076
927,50,EVEN,6038
927,51,ODD,3019
927,52,EVEN,9058
927,53,ODD,4529
927,54,EVEN,13588
927,55,EVEN,6794
927,56,ODD,3397
927,57,EVEN,10192
927,58,EVEN,5096
927,59,EVEN,2548
927,60,EVEN,1274
927,61,ODD,637
927,62,EVEN,1912
927,63,EVEN,956
927,64,EVEN,478
927,65,ODD,239
927,66,EVEN,718
927,67,ODD,359
927,68,EVEN,1078
927,69,ODD,539
927,70,EVEN,1618
927,71,ODD,809
927,72,EVEN,2428
927,73,EVEN,1214
927,74,ODD,607
927,75,EVEN,1822
927,76,ODD,911
927,77,EVEN,2734
927,78,ODD,1367
927,79,EVEN,4102
927,80,ODD,2051
927,81,EVEN,6154
927,82,ODD,3077
927,83,EVEN,9232
927,84,EVEN,4616
927,85,EVEN,2308
927,86,EVEN,1154
927,87,ODD,577
927,88,EVEN,1732
927,89,EVEN,866
927,90,ODD,433
927,91,EVEN,1300
927,92,EVEN,650
927,93,ODD,325
927,94,EVEN,976
927,95,EVEN,488
927,96,EVEN,244
927,97,EVEN,122
927,98,ODD,61
927,99,EVEN,184
927,100,EVEN,92
927,101,EVEN,46
927,102,ODD,23
927,103,EVEN,70
927,104,ODD,35
927,105,EVEN,106
927,106,ODD,53
927,107,EVEN,160
927,108,EVEN,80
927,109,EVEN,40
927,110,EVEN,20
927,111,EVEN,10
927,112,ODD,5
927,113,EVEN,16
927,114,EVEN,8
927,115,EVEN,4
927,116,EVEN,2
927,117,END,1
127,1,ODD,127
127,2,EVEN,382
127,3,ODD,191
127,4,EVEN,574
127,5,ODD,287
127,6,EVEN,862
127,7,ODD,431
127,8,EVEN,1294
127,9,ODD,647
127,10,EVEN,1942
127,11,ODD,971
127,12,EVEN,2914
127,13,ODD,1457
127,14,EVEN,4372
127,15,EVEN,2186
127,16,ODD,1093
127,17,EVEN,3280
127,18,EVEN,1640
127,19,EVEN,820
127,20,EVEN,410
127,21,ODD,205
127,22,EVEN,616
127,23,EVEN,308
127,24,EVEN,154
127,25,ODD,77
127,26,EVEN,232
127,27,EVEN,116
127,28,EVEN,58
127,29,ODD,29
127,30,EVEN,88
127,31,EVEN,44
127,32,EVEN,22
127,33,ODD,11
127,34,EVEN,34
127,35,ODD,17
127,36,EVEN,52
127,37,EVEN,26
127,38,ODD,13
127,39,EVEN,40
127,40,EVEN,20
127,41,EVEN,10
127,42,ODD,5
127,43,EVEN,16
127,44,EVEN,8
127,45,EVEN,4
127,46,EVEN,2
127,47,END,1
709,1,ODD,709
709,2,EVEN,2128
709,3,EVEN,1064
709,4,EVEN,532
709,5,EVEN,266
709,6,ODD,133
709,7,EVEN,400
709,8,EVEN,200
709,9,EVEN,100
709,10,EVEN,50
709,11,ODD,25
709,12,EVEN,76
709,13,EVEN,38
709,14,ODD,19
709,15,EVEN,58
709,16,ODD,29
709,17,EVEN,88
709,18,EVEN,44
709,19,EVEN,22
709,20,ODD,11
709,21,EVEN,34
709,22,ODD,17
709,23,EVEN,52
709,24,EVEN,26
709,25,ODD,13
709,26,EVEN,40
709,27,EVEN,20
709,28,EVEN,10
709,29,ODD,5
709,30,EVEN,16
709,31,EVEN,8
709,32,EVEN,4
709,33,EVEN,2
709,34,END,1
969,1,ODD,969
969,2,EVEN,2908
969,3,EVEN,1454
969,4,ODD,727
969,5,EVEN,2182
969,6,ODD,1091
969,7,EVEN,3274
969,8,ODD,1637
969,9,EVEN,4912
969,10,EVEN,2456
969,11,EVEN,1228
969,12,EVEN,614
969,13,ODD,307
969,14,EVEN,922
969,15,ODD,461
969,16,EVEN,1384
969,17,EVEN,692
969,18,EVEN,346
969,19,ODD,173
969,20,EVEN,520
969,21,EVEN,260
969,22,EVEN,130
969,23,ODD,65
969,24,EVEN,196
969,25,EVEN,98
969,26,ODD,49
969,27,EVEN,148
969,28,EVEN,74
969,29,ODD,37
969,30,EVEN,112
969,31,EVEN,56
969,32,EVEN,28
969,33,EVEN,14
969,34,ODD,7
969,35,EVEN,22
969,36,ODD,11
969,37,EVEN,34
969,38,ODD,17
969,39,EVEN,52
969,40,EVEN,26
969,41,ODD,13
969,42,EVEN,40
969,43,EVEN,20
969,44,EVEN,10
969,45,ODD,5
969,46,EVEN,16
969,47,EVEN,8
969,48,EVEN,4
969,49,EVEN,2
969,50,END,1
133,1,ODD,133
133,2,EVEN,400
133,3,EVEN,200
133,4,EVEN,100
133,5,EVEN,50
133,6,ODD,25
133,7,EVEN,76
133,8,EVEN,38
133,9,ODD,19
133,10,EVEN,58
133,11,ODD,29
133,12,EVEN,88
133,13,EVEN,44
133,14,EVEN,22
133,15,ODD,11
133,16,EVEN,34
133,17,ODD,17
133,18,EVEN,52
133,19,EVEN,26
133,20,ODD,13
133,21,EVEN,40
133,22,EVEN,20
133,23,EVEN,10
133,24,ODD,5
133,25,EVEN,16
133,26,EVEN,8
133,27,EVEN,4
133,28,EVEN,2
133,29,END,1
139,1,ODD,139
139,2,EVEN,418
139,3,ODD,209
139,4,EVEN,628
139,5,EVEN,314
139,6,ODD,157
139,7,EVEN,472
139,8,EVEN,236
139,9,EVEN,118
139,10,ODD,59
139,11,EVEN,178
139,12,ODD,89
139,13,EVEN,268
139,14,EVEN,134
139,15,ODD,67
139,16,EVEN,202
139,17,ODD,101
139,18,EVEN,304
139,19,EVEN,152
139,20,EVEN,76
139,21,EVEN,38
139,22,ODD,19
139,23,EVEN,58
139,24,ODD,29
139,25,EVEN,88
139,26,EVEN,44
139,27,EVEN,22
139,28,ODD,11
139,29,EVEN,34
139,30,ODD,17
139,31,EVEN,52
139,32,EVEN,26
139,33,ODD,13
139,34,EVEN,40
139,35,EVEN,20
139,36,EVEN,10
139,37,ODD,5
139,38,EVEN,16
139,39,EVEN,8
139,40,EVEN,4
139,41,EVEN,2
139,42,END,1
423,1,ODD,423
423,2,EVEN,1270
423,3,ODD,635
423,4,EVEN,1906
423,5,ODD,953
423,6,EVEN,2860
423,7,EVEN,1430
423,8,ODD,715
423,9,EVEN,2146
423,10,ODD,1073
423,11,EVEN,3220
423,12,EVEN,1610
423,13,ODD,805
423,14,EVEN,2416
423,15,EVEN,1208
423,16,EVEN,604
423,17,EVEN,302
423,18,ODD,151
423,19,EVEN,454
423,20,ODD,227
423,21,EVEN,682
423,22,ODD,341
423,23,EVEN,1024
423,24,EVEN,512
423,25,EVEN,256
423,26,EVEN,128
423,27,EVEN,64
423,28,EVEN,32
423,29,EVEN,16
423,30,EVEN,8
423,31,EVEN,4
423,32,EVEN,2
423,33,END,1
717,1,ODD,717
717,2,EVEN,2152
717,3,EVEN,1076
717,4,EVEN,538
717,5,ODD,269
717,6,EVEN,808
717,7,EVEN,404
717,8,EVEN,202
717,9,ODD,101
717,10,EVEN,304
717,11,EVEN,152
717,12,EVEN,76
717,13,EVEN,38
717,14,ODD,19
717,15,EVEN,58
717,16,ODD,29
717,17,EVEN,88
717,18,EVEN,44
717,19,EVEN,22
717,20,ODD,11
717,21,EVEN,34
717,22,ODD,17
717,23,EVEN,52
717,24,EVEN,26
717,25,ODD,13
717,26,EVEN,40
717,27,EVEN,20
717,28,EVEN,10
717,29,ODD,5
717,30,EVEN,16
717,31,EVEN,8
717,32,EVEN,4
717,33,EVEN,2
717,34,END,1
49,1,ODD,49
49,2,EVEN,148
49,3,EVEN,74
49,4,ODD,37
49,5,EVEN,112
49,6,EVEN,56
49,7,EVEN,28
49,8,EVEN,14
49,9,ODD,7
49,10,EVEN,22
49,11,ODD,11
49,12,EVEN,34
49,13,ODD,17
49,14,EVEN,52
49,15,EVEN,26
49,16,ODD,13
49,17,EVEN,40
49,18,EVEN,20
49,19,EVEN,10
49,20,ODD,5
49,21,EVEN,16
49,22,EVEN,8
49,23,EVEN,4
49,24,EVEN,2
49,25,END,1
997,1,ODD,997
997,2,EVEN,2992
997,3,EVEN,1496
997,4,EVEN,748
997,5,EVEN,374
997,6,ODD,187
997,7,EVEN,562
997,8,ODD,281
997,9,EVEN,844
997,10,EVEN,422
997,11,ODD,211
997,12,EVEN,634
997,13,ODD,317
997,14,EVEN,952
997,15,EVEN,476
997,16,EVEN,238
997,17,ODD,119
997,18,EVEN,358
997,19,ODD,179
997,20,EVEN,538
997,21,ODD,269
997,22,EVEN,808
997,23,EVEN,404
997,24,EVEN,202
997,25,ODD,101
997,26,EVEN,304
997,27,EVEN,152
997,28,EVEN,76
997,29,EVEN,38
997,30,ODD,19
997,31,EVEN,58
997,32,ODD,29
997,33,EVEN,88
997,34,EVEN,44
997,35,EVEN,22
997,36,ODD,11
997,37,EVEN,34
997,38,ODD,17
997,39,EVEN,52
997,40,EVEN,26
997,41,ODD,13
997,42,EVEN,40
997,43,EVEN,20
997,44,EVEN,10
997,45,ODD,5
997,46,EVEN,16
997,47,EVEN,8
997,48,EVEN,4
997,49,EVEN,2
997,50,END,1
49,1,ODD,49
49,2,EVEN,148
49,3,EVEN,74
49,4,ODD,37
49,5,EVEN,112
49,6,EVEN,56
49,7,EVEN,28
49,8,EVEN,14
49,9,ODD,7
49,10,EVEN,22
49,11,ODD,11
49,12,EVEN,34
49,13,ODD,17
49,14,EVEN,52
49,15,EVEN,26
49,16,ODD,13
49,17,EVEN,40
49,18,EVEN,20
49,19,EVEN,10
49,20,ODD,5
49,21,EVEN,16
49,22,EVEN,8
49,23,EVEN,4
49,24,EVEN,2
49,25,END,1
59,1,ODD,59
59,2,EVEN,178
59,3,ODD,89
59,4,EVEN,268
59,5,EVEN,134
59,6,ODD,67
59,7,EVEN,202
59,8,ODD,101
59,9,EVEN,304
59,10,EVEN,152
59,11,EVEN,76
59,12,EVEN,38
59,13,ODD,19
59,14,EVEN,58
59,15,ODD,29
59,16,EVEN,88
59,17,EVEN,44
59,18,EVEN,22
59,19,ODD,11
59,20,EVEN,34
59,21,ODD,17
59,22,EVEN,52
59,23,EVEN,26
59,24,ODD,13
59,25,EVEN,40
59,26,EVEN,20
59,27,EVEN,10
59,28,ODD,5
59,29,EVEN,16
59,30,EVEN,8
59,31,EVEN,4
59,32,EVEN,2
59,33,END,1
309,1,ODD,309
309,2,EVEN,928
309,3,EVEN,464
309,4,EVEN,232
309,5,EVEN,116
309,6,EVEN,58
309,7,ODD,29
309,8,EVEN,88
309,9,EVEN,44
309,10,EVEN,22
309,11,ODD,11
309,12,EVEN,34
309,13,ODD,17
309,14,EVEN,52
309,15,EVEN,26
309,16,ODD,13
309,17,EVEN,40
309,18,EVEN,20
309,19,EVEN,10
309,20,ODD,5
309,21,EVEN,16
309,22,EVEN,8
309,23,EVEN,4
309,24,EVEN,2
309,25,END,1
309,1,ODD,309
309,2,EVEN,928
309,3,EVEN,464
309,4,EVEN,232
309,5,EVEN,116
309,6,EVEN,58
309,7,ODD,29
309,8,EVEN,88
309,9,EVEN,44
309,10,EVEN,22
309,11,ODD,11
309,12,EVEN,34
309,13,ODD,17
309,14,EVEN,52
309,15,EVEN,26
309,16,ODD,13
309,17,EVEN,40
309,18,EVEN,20
309,19,EVEN,10
309,20,ODD,5
309,21,EVEN,16
309,22,EVEN,8
309,23,EVEN,4
309,24,EVEN,2
309,25,END,1
331,1,ODD,331
331,2,EVEN,994
331,3,ODD,497
331,4,EVEN,1492
331,5,EVEN,746
331,6,ODD,373
331,7,EVEN,1120
331,8,EVEN,560
331,9,EVEN,280
331,10,EVEN,140
331,11,EVEN,70
331,12,ODD,35
331,13,EVEN,106
331,14,ODD,53
331,15,EVEN,160
331,16,EVEN,80
331,17,EVEN,40
331,18,EVEN,20
331,19,EVEN,10
331,20,ODD,5
331,21,EVEN,16
331,22,EVEN,8
331,23,EVEN,4
331,24,EVEN,2
331,25,END,1
139,1,ODD,139
139,2,EVEN,418
139,3,ODD,209
139,4,EVEN,628
139,5,EVEN,314
139,6,ODD,157
139,7,EVEN,472
139,8,EVEN,236
139,9,EVEN,118
139,10,ODD,59
139,11,EVEN,178
139,12,ODD,89
139,13,EVEN,268
139,14,EVEN,134
139,15,ODD,67
139,16,EVEN,202
139,17,ODD,101
139,18,EVEN,304
139,19,EVEN,152
139,20,EVEN,76
139,21,EVEN,38
139,22,ODD,19
139,23,EVEN,58
139,24,ODD,29
139,25,EVEN,88
139,26,EVEN,44
139,27,EVEN,22
139,28,ODD,11
139,29,EVEN,34
139,30,ODD,17
139,31,EVEN,52
139,32,EVEN,26
139,33,ODD,13
139,34,EVEN,40
139,35,EVEN,20
139,36,EVEN,10
139,37,ODD,5
139,38,EVEN,16
139,39,EVEN,8
139,40,EVEN,4
139,41,EVEN,2
139,42,END,1
843,1,ODD,843
843,2,EVEN,2530
843,3,ODD,1265
843,4,EVEN,3796
843,5,EVEN,1898
843,6,ODD,949
843,7,EVEN,2848
843,8,EVEN,1424
843,9,EVEN,712
843,10,EVEN,356
843,11,EVEN,178
843,12,ODD,89
843,13,EVEN,268
843,14,EVEN,134
843,15,ODD,67
843,16,EVEN,202
843,17,ODD,101
843,18,EVEN,304
843,19,EVEN,152
843,20,EVEN,76
843,21,EVEN,38
843,22,ODD,19
843,23,EVEN,58
843,24,ODD,29
843,25,EVEN,88
843,26,EVEN,44
843,27,EVEN,22
843,28,ODD,11
843,29,EVEN,34
843,30,ODD,17
843,31,EVEN,52
843,32,EVEN,26
843,33,ODD,13
843,34,EVEN,40
843,35,EVEN,20
843,36,EVEN,10
843,37,ODD,5
843,38,EVEN,16
843,39,EVEN,8
843,40,EVEN,4
843,41,EVEN,2
843,42,END,1
79,1,ODD,79
79,2,EVEN,238
79,3,ODD,119
79,4,EVEN,358
79,5,ODD,179
79,6,EVEN,538
79,7,ODD,269
79,8,EVEN,808
79,9,EVEN,404
79,10,EVEN,202
79,11,ODD,101
79,12,EVEN,304
79,13,EVEN,152
79,14,EVEN,76
79,15,EVEN,38
79,16,ODD,19
79,17,EVEN,58
79,18,ODD,29
79,19,EVEN,88
79,20,EVEN,44
79,21,EVEN,22
79,22,ODD,11
79,23,EVEN,34
79,24,ODD,17
79,25,EVEN,52
79,26,EVEN,26
79,27,ODD,13
79,28,EVEN,40
79,29,EVEN,20
79,30,EVEN,10
79,31,ODD,5
79,32,EVEN,16
79,33,EVEN,8
79,34,EVEN,4
79,35,EVEN,2
79,36,END,1
727,1,ODD,727
727,2,EVEN,2182
727,3,ODD,1091
727,4,EVEN,3274
727,5,ODD,1637
727,6,EVEN,4912
727,7,EVEN,2456
727,8,EVEN,1228
727,9,EVEN,614
727,10,ODD,307
727,11,EVEN,922
727,12,ODD,461
727,13,EVEN,1384
727,14,EVEN,692
727,15,EVEN,346
727,16,ODD,173
727,17,EVEN,520
727,18,EVEN,260
727,19,EVEN,130
727,20,ODD,65
727,21,EVEN,196
727,22,EVEN,98
727,23,ODD,49
727,24,EVEN,148
727,25,EVEN,74
727,26,ODD,37
727,27,EVEN,112
727,28,EVEN,56
727,29,EVEN,28
727,30,EVEN,14
727,31,ODD,7
727,32,EVEN,22
727,33,ODD,11
727,34,EVEN,34
727,35,ODD,17
727,36,EVEN,52
727,37,EVEN,26
727,38,ODD,13
727,39,EVEN,40
727,40,EVEN,20
727,41,EVEN,10
727,42,ODD,5
727,43,EVEN,16
727,44,EVEN,8
727,45,EVEN,4
727,46,EVEN,2
727,47,END,1
473,1,ODD,473
473,2,EVEN,1420
473,3,EVEN,710
473,4,ODD,355
473,5,EVEN,1066
473,6,ODD,533
473,7,EVEN,1600
473,8,EVEN,800
473,9,EVEN,400
473,10,EVEN,200
473,11,EVEN,100
473,12,EVEN,50
473,13,ODD,25
473,14,EVEN,76
473,15,EVEN,38
473,16,ODD,19
473,17,EVEN,58
473,18,ODD,29
473,19,EVEN,88
473,20,EVEN,44
473,21,EVEN,22
473,22,ODD,11
473,23,EVEN,34
473,24,ODD,17
473,25,EVEN,52
473,26,EVEN,26
473,27,ODD,13
473,28,EVEN,40
473,29,EVEN,20
473,30,EVEN,10
473,31,ODD,5
473,32,EVEN,16
473,33,EVEN,8
473,34,EVEN,4
473,35,EVEN,2
473,36,END,1
99,1,ODD,99
99,2,EVEN,298
99,3,ODD,149
99,4,EVEN,448
99,5,EVEN,224
99,6,EVEN,112
99,7,EVEN,56
99,8,EVEN,28
99,9,EVEN,14
99,10,ODD,7
99,11,EVEN,22
99,12,ODD,11
99,13,EVEN,34
99,14,ODD,17
99,15,EVEN,52
99,16,EVEN,26
99,17,ODD,13
99,18,EVEN,40
99,19,EVEN,20
99,20,EVEN,10
99,21,ODD,5
99,22,EVEN,16
99,23,EVEN,8
99,24,EVEN,4
99,25,EVEN,2
99,26,END,1
867,1,ODD,867
867,2,EVEN,2602
867,3,ODD,1301
867,4,EVEN,3904
867,5,EVEN,1952
867,6,EVEN,976
867,7,EVEN,488
867,8,EVEN,244
867,9,EVEN,122
867,10,ODD,61
867,11,EVEN,184
867,12,EVEN,92
867,13,EVEN,46
867,14,ODD,23
867,15,EVEN,70
867,16,ODD,35
867,17,EVEN,106
867,18,ODD,53
867,19,EVEN,160
867,20,EVEN,80
867,21,EVEN,40
867,22,EVEN,20
867,23,EVEN,10
867,24,ODD,5
867,25,EVEN,16
867,26,EVEN,8
867,27,EVEN,4
867,28,EVEN,2
867,29,END,1
115,1,ODD,115
115,2,EVEN,346
115,3,ODD,173
115,4,EVEN,520
115,5,EVEN,260
115,6,EVEN,130
115,7,ODD,65
115,8,EVEN,196
115,9,EVEN,98
115,10,ODD,49
115,11,EVEN,148
115,12,EVEN,74
115,13,ODD,37
115,14,EVEN,112
115,15,EVEN,56
115,16,EVEN,28
115,17,EVEN,14
115,18,ODD,7
115,19,EVEN,22
115,20,ODD,11
115,21,EVEN,34
115,22,ODD,17
115,23,EVEN,52
115,24,EVEN,26
115,25,ODD,13
115,26,EVEN,40
115,27,EVEN,20
115,28,EVEN,10
115,29,ODD,5
115,30,EVEN,16
115,31,EVEN,8
115,32,EVEN,4
115,33,EVEN,2
115,34,END,1
735,1,ODD,735
735,2,EVEN,2206
735,3,ODD,1103
735,4,EVEN,3310
735,5,ODD,1655
735,6,EVEN,4966
735,7,ODD,2483
735,8,EVEN,7450
735,9,ODD,3725
735,10,EVEN,11176
735,11,EVEN,5588
735,12,EVEN,2794
735,13,ODD,1397
735,14,EVEN,4192
735,15,EVEN,2096
735,16,EVEN,1048
735,17,EVEN,524
735,18,EVEN,262
735,19,ODD,131
735,20,EVEN,394
735,21,ODD,197
735,22,EVEN,592
735,23,EVEN,296
735,24,EVEN,148
735,25,EVEN,74
735,26,ODD,37
735,27,EVEN,112
735,28,EVEN,56
735,29,EVEN,28
735,30,EVEN,14
735,31,ODD,7
735,32,EVEN,22
735,33,ODD,11
735,34,EVEN,34
735,35,ODD,17
735,36,EVEN,52
735,37,EVEN,26
735,38,ODD,13
735,39,EVEN,40
735,40,EVEN,20
735,41,EVEN,10
735,42,ODD,5
735,43,EVEN,16
735,44,EVEN,8
735,45,EVEN,4
735,46,EVEN,2
735,47,END,1
963,1,ODD,963
963,2,EVEN,2890
963,3,ODD,1445
963,4,EVEN,4336
963,5,EVEN,2168
963,6,EVEN,1084
963,7,EVEN,542
963,8,ODD,271
963,9,EVEN,814
963,10,ODD,407
963,11,EVEN,1222
963,12,ODD,611
963,13,EVEN,1834
963,14,ODD,917
963,15,EVEN,2752
963,16,EVEN,1376
963,17,EVEN,688
963,18,EVEN,344
963,19,EVEN,172
963,20,EVEN,86
963,21,ODD,43
963,22,EVEN,130
963,23,ODD,65
963,24,EVEN,196
963,25,EVEN,98
963,26,ODD,49
963,27,EVEN,148
963,28,EVEN,74
963,29,ODD,37
963,30,EVEN,112
963,31,EVEN,56
963,32,EVEN,28
963,33,EVEN,14
963,34,ODD,7
963,35,EVEN,22
963,36,ODD,11
963,37,EVEN,34
963,38,ODD,17
963,39,EVEN,52
963,40,EVEN,26
963,41,ODD,13
963,42,EVEN,40
963,43,EVEN,20
963,44,EVEN,10
963,45,ODD,5
963,46,EVEN,16
963,47,EVEN,8
963,48,EVEN,4
963,49,EVEN,2
963,50,END,1
477,1,ODD,477
477,2,EVEN,1432
477,3,EVEN,716
477,4,EVEN,358
477,5,ODD,179
477,6,EVEN,538
477,7,ODD,269
477,8,EVEN,808
477,9,EVEN,404
477,10,EVEN,202
477,11,ODD,101
477,12,EVEN,304
477,13,EVEN,152
477,14,EVEN,76
477,15,EVEN,38
477,16,ODD,19
477,17,EVEN,58
477,18,ODD,29
477,19,EVEN,88
477,20,EVEN,44
477,21,EVEN,22
477,22,ODD,11
477,23,EVEN,34
477,24,ODD,17
477,25,EVEN,52
477,26,EVEN,26
477,27,ODD,13
477,28,EVEN,40
477,29,EVEN,20
477,30,EVEN,10
477,31,ODD,5
477,32,EVEN,16
477,33,EVEN,8
477,34,EVEN,4
477,35,EVEN,2
477,36,END,1
885,1,ODD,885
885,2,EVEN,2656
885,3,EVEN,1328
885,4,EVEN,664
885,5,EVEN,332
885,6,EVEN,166
885,7,ODD,83
885,8,EVEN,250
885,9,ODD,125
885,10,EVEN,376
885,11,EVEN,188
885,12,EVEN,94
885,13,ODD,47
885,14,EVEN,142
885,15,ODD,71
885,16,EVEN,214
885,17,ODD,107
885,18,EVEN,322
885,19,ODD,161
885,20,EVEN,484
885,21,EVEN,242
885,22,ODD,121
885,23,EVEN,364
885,24,EVEN,182
885,25,ODD,91
885,26,EVEN,274
885,27,ODD,137
885,28,EVEN,412
885,29,EVEN,206
885,30,ODD,103
885,31,EVEN,310
885,32,ODD,155
885,33,EVEN,466
885,34,ODD,233
885,35,EVEN,700
885,36,EVEN,350
885,37,ODD,175
885,38,EVEN,526
885,39,ODD,263
885,40,EVEN,790
885,41,ODD,395
885,42,EVEN,1186
885,43,ODD,593
885,44,EVEN,1780
885,45,EVEN,890
885,46,ODD,445
885,47,EVEN,1336
885,48,EVEN,668
885,49,EVEN,334
885,50,ODD,167
885,51,EVEN,502
885,52,ODD,251
885,53,EVEN,754
885,54,ODD,377
885,55,EVEN,1132
885,56,EVEN,566
885,57,ODD,283
885,58,EVEN,850
885,59,ODD,425
885,60,EVEN,1276
885,61,EVEN,638
885,62,ODD,319
885,63,EVEN,958
885,64,ODD,479
885,65,EVEN,1438
885,66,ODD,719
885,67,EVEN,2158
885,68,ODD,1079
885,69,EVEN,3238
885,70,ODD,1619
885,71,EVEN,4858
885,72,ODD,2429
885,73,EVEN,7288
885,74,EVEN,3644
885,75,EVEN,1822
885,76,ODD,911
885,77,EVEN,2734
885,78,ODD,1367
885,79,EVEN,4102
885,80,ODD,2051
885,81,EVEN,6154
885,82,ODD,3077
885,83,EVEN,9232
885,84,EVEN,4616
885,85,EVEN,2308
885,86,EVEN,1154
885,87,ODD,577
885,88,EVEN,1732
885,89,EVEN,866
885,90,ODD,433
885,91,EVEN,1300
885,92,EVEN,650
885,93,ODD,325
885,94,EVEN,976
885,95,EVEN,488
885,96,EVEN,244
885,97,EVEN,122
885,98,ODD,61
885,99,EVEN,184
885,100,EVEN,92
885,101,EVEN,46
885,102,ODD,23
885,103,EVEN,70
885,104,ODD,35
885,105,EVEN,106
885,106,ODD,53
885,107,EVEN,160
885,108,EVEN,80
885,109,EVEN,40
885,110,EVEN,20
885,111,EVEN,10
885,112,ODD,5
885,113,EVEN,16
885,114,EVEN,8
885,115,EVEN,4
885,116,EVEN,2
885,117,END,1
169,1,ODD,169
169,2,EVEN,508
169,3,EVEN,254
169,4,ODD,127
169,5,EVEN,382
169,6,ODD,191
169,7,EVEN,574
169,8,ODD,287
169,9,EVEN,862
169,10,ODD,431
169,11,EVEN,1294
169,12,ODD,647
169,13,EVEN,1942
169,14,ODD,971
169,15,EVEN,2914
169,16,ODD,1457
169,17,EVEN,4372
169,18,EVEN,2186
169,19,ODD,1093
169,20,EVEN,3280
169,21,EVEN,1640
169,22,EVEN,820
169,23,EVEN,410
169,24,ODD,205
169,25,EVEN,616
169,26,EVEN,308
169,27,EVEN,154
169,28,ODD,77
169,29,EVEN,232
169,30,EVEN,116
169,31,EVEN,58
169,32,ODD,29
169,33,EVEN,88
169,34,EVEN,44
169,35,EVEN,22
169,36,ODD,11
169,37,EVEN,34
169,38,ODD,17
169,39,EVEN,52
169,40,EVEN,26
169,41,ODD,13
169,42,EVEN,40
169,43,EVEN,20
169,44,EVEN,10
169,45,ODD,5
169,46,EVEN,16
169,47,EVEN,8
169,48,EVEN,4
169,49,EVEN,2
169,50,END,1
331,1,ODD,331
331,2,EVEN,994
331,3,ODD,497
331,4,EVEN,1492
331,5,EVEN,746
331,6,ODD,373
331,7,EVEN,1120
331,8,EVEN,560
331,9,EVEN,280
331,10,EVEN,140
331,11,EVEN,70
331,12,ODD,35
331,13,EVEN,106
331,14,ODD,53
331,15,EVEN,160
331,16,EVEN,80
331,17,EVEN,40
331,18,EVEN,20
331,19,EVEN,10
331,20,ODD,5
331,21,EVEN,16
331,22,EVEN,8
331,23,EVEN,4
331,24,EVEN,2
331,25,END,1
385,1,ODD,385
385,2,EVEN,1156
385,3,EVEN,578
385,4,ODD,289
385,5,EVEN,868
385,6,EVEN,434
385,7,ODD,217
385,8,EVEN,652
385,9,EVEN,326
385,10,ODD,163
385,11,EVEN,490
385,12,ODD,245
385,13,EVEN,736
385,14,EVEN,368
385,15,EVEN,184
385,16,EVEN,92
385,17,EVEN,46
385,18,ODD,23
385,19,EVEN,70
385,20,ODD,35
385,21,EVEN,106
385,22,ODD,53
385,23,EVEN,160
385,24,EVEN,80
385,25,EVEN,40
385,26,EVEN,20
385,27,EVEN,10
385,28,ODD,5
385,29,EVEN,16
385,30,EVEN,8
385,31,EVEN,4
385,32,EVEN,2
385,33,END,1
875,1,ODD,875
875,2,EVEN,2626
875,3,ODD,1313
875,4,EVEN,3940
875,5,EVEN,1970
875,6,ODD,985
875,7,EVEN,2956
875,8,EVEN,1478
875,9,ODD,739
875,10,EVEN,2218
875,11,ODD,1109
875,12,EVEN,3328
875,13,EVEN,1664
875,14,EVEN,832
875,15,EVEN,416
875,16,EVEN,208
875,17,EVEN,104
875,18,EVEN,52
875,19,EVEN,26
875,20,ODD,13
875,21,EVEN,40
875,22,EVEN,20
875,23,EVEN,10
875,24,ODD,5
875,25,EVEN,16
875,26,EVEN,8
875,27,EVEN,4
875,28,EVEN,2
875,29,END,1
749,1,ODD,749
749,2,EVEN,2248
749,3,EVEN,1124
749,4,EVEN,562
749,5,ODD,281
749,6,EVEN,844
749,7,EVEN,422
749,8,ODD,211
749,9,EVEN,634
749,10,ODD,317
749,11,EVEN,952
749,12,EVEN,476
749,13,EVEN,238
749,14,ODD,119
749,15,EVEN,358
749,16,ODD,179
749,17,EVEN,538
749,18,ODD,269
749,19,EVEN,808
749,20,EVEN,404
749,21,EVEN,202
749,22,ODD,101
749,23,EVEN,304
749,24,EVEN,152
749,25,EVEN,76
749,26,EVEN,38
749,27,ODD,19
749,28,EVEN,58
749,29,ODD,29
749,30,EVEN,88
749,31,EVEN,44
749,32,EVEN,22
749,33,ODD,11
749,34,EVEN,34
749,35,ODD,17
749,36,EVEN,52
749,37,EVEN,26
749,38,ODD,13
749,39,EVEN,40
749,40,EVEN,20
749,41,EVEN,10
749,42,ODD,5
749,43,EVEN,16
749,44,EVEN,8
749,45,EVEN,4
749,46,EVEN,2
749,47,END,1
643,1,ODD,643
643,2,EVEN,1930
643,3,ODD,965
643,4,EVEN,2896
643,5,EVEN,1448
643,6,EVEN,724
643,7,EVEN,362
643,8,ODD,181
643,9,EVEN,544
643,10,EVEN,272
643,11,EVEN,136
643,12,EVEN,68
643,13,EVEN,34
643,14,ODD,17
643,15,EVEN,52
643,16,EVEN,26
643,17,ODD,13
643,18,EVEN,40
643,19,EVEN,20
643,20,EVEN,10
643,21,ODD,5
643,22,EVEN,16
643,23,EVEN,8
643,24,EVEN,4
643,25,EVEN,2
643,26,END,1
881,1,ODD,881
881,2,EVEN,2644
881,3,EVEN,1322
881,4,ODD,661
881,5,EVEN,1984
881,6,EVEN,992
881,7,EVEN,496
881,8,EVEN,248
881,9,EVEN,124
881,10,EVEN,62
881,11,ODD,31
881,12,EVEN,94
881,13,ODD,47
881,14,EVEN,142
881,15,ODD,71
881,16,EVEN,214
881,17,ODD,107
881,18,EVEN,322
881,19,ODD,161
881,20,EVEN,484
881,21,EVEN,242
881,22,ODD,121
881,23,EVEN,364
881,24,EVEN,182
881,25,ODD,91
881,26,EVEN,274
881,27,ODD,137
881,28,EVEN,412
881,29,EVEN,206
881,30,ODD,103
881,31,EVEN,310
881,32,ODD,155
881,33,EVEN,466
881,34,ODD,233
881,35,EVEN,700
881,36,EVEN,350
881,37,ODD,175
881,38,EVEN,526
881,39,ODD,263
881,40,EVEN,790
881,41,ODD,395
881,42,EVEN,1186
881,43,ODD,593
881,44,EVEN,1780
881,45,EVEN,890
881,46,ODD,445
881,47,EVEN,1336
881,48,EVEN,668
881,49,EVEN,334
881,50,ODD,167
881,51,EVEN,502
881,52,ODD,251
881,53,EVEN,754
881,54,ODD,377
881,55,EVEN,1132
881,56,EVEN,566
881,57,ODD,283
881,58,EVEN,850
881,59,ODD,425
881,60,EVEN,1276
881,61,EVEN,638
881,62,ODD,319
881,63,EVEN,958
881,64,ODD,479
881,65,EVEN,1438
881,66,ODD,719
881,67,EVEN,2158
881,68,ODD,1079
881,69,EVEN,3238
881,70,ODD,1619
881,71,EVEN,4858
881,72,ODD,2429
881,73,EVEN,7288
881,74,EVEN,3644
881,75,EVEN,1822
881,76,ODD,911
881,77,EVEN,2734
881,78,ODD,1367
881,79,EVEN,4102
881,80,ODD,2051
881,81,EVEN,6154
881,82,ODD,3077
881,83,EVEN,9232
881,84,EVEN,4616
881,85,EVEN,2308
881,86,EVEN,1154
881,87,ODD,577
881,88,EVEN,1732
881,89,EVEN,866
881,90,ODD,433
881,91,EVEN,1300
881,92,EVEN,650
881,93,ODD,325
881,94,EVEN,976
881,95,EVEN,488
881,96,EVEN,244
881,97,EVEN,122
881,98,ODD,61
881,99,EVEN,184
881,100,EVEN,92
881,101,EVEN,46
881,102,ODD,23
881,103,EVEN,70
881,104,ODD,35
881,105,EVEN,106
881,106,ODD,53
881,107,EVEN,160
881,108,EVEN,80
881,109,EVEN,40
881,110,EVEN,20
881,111,EVEN,10
881,112,ODD,5
881,113,EVEN,16
881,114,EVEN,8
881,115,EVEN,4
881,116,EVEN,2
881,117,END,1
49,1,ODD,49
49,2,EVEN,148
49,3,EVEN,74
49,4,ODD,37
49,5,EVEN,112
49,6,EVEN,56
49,7,EVEN,28
49,8,EVEN,14
49,9,ODD,7
49,10,EVEN,22
49,11,ODD,11
49,12,EVEN,34
49,13,ODD,17
49,14,EVEN,52
49,15,EVEN,26
49,16,ODD,13
49,17,EVEN,40
49,18,EVEN,20
49,19,EVEN,10
49,20,ODD,5
49,21,EVEN,16
49,22,EVEN,8
49,23,EVEN,4
49,24,EVEN,2
49,25,END,1
999,1,ODD,999
999,2,EVEN,2998
999,3,ODD,1499
999,4,EVEN,4498
999,5,ODD,2249
999,6,EVEN,6748
999,7,EVEN,3374
999,8,ODD,1687
999,9,EVEN,5062
999,10,ODD,2531
999,11,EVEN,7594
999,12,ODD,3797
999,13,EVEN,11392
999,14,EVEN,5696
999,15,EVEN,2848
999,16,EVEN,1424
999,17,EVEN,712
999,18,EVEN,356
999,19,EVEN,178
999,20,ODD,89
999,21,EVEN,268
999,22,EVEN,134
999,23,ODD,67
999,24,EVEN,202
999,25,ODD,101
999,26,EVEN,304
999,27,EVEN,152
999,28,EVEN,76
999,29,EVEN,38
999,30,ODD,19
999,31,EVEN,58
999,32,ODD,29
999,33,EVEN,88
999,34,EVEN,44
999,35,EVEN,22
999,36,ODD,11
999,37,EVEN,34
999,38,ODD,17
999,39,EVEN,52
999,40,EVEN,26
999,41,ODD,13
999,42,EVEN,40
999,43,EVEN,20
999,44,EVEN,10
999,45,ODD,5
999,46,EVEN,16
999,47,EVEN,8
999,48,EVEN,4
999,49,EVEN,2
999,50,END,1
903,1,ODD,903
903,2,EVEN,2710
903,3,ODD,1355
903,4,EVEN,4066
903,5,ODD,2033
903,6,EVEN,6100
903,7,EVEN,3050
903,8,ODD,1525
903,9,EVEN,4576
903,10,EVEN,2288
903,11,EVEN,1144
903,12,EVEN,572
903,13,EVEN,286
903,14,ODD,143
903,15,EVEN,430
903,16,ODD,215
903,17,EVEN,646
903,18,ODD,323
903,19,EVEN,970
903,20,ODD,485
903,21,EVEN,1456
903,22,EVEN,728
903,23,EVEN,364
903,24,EVEN,182
903,25,ODD,91
903,26,EVEN,274
903,27,ODD,137
903,28,EVEN,412
903,29,EVEN,206
903,30,ODD,103
903,31,EVEN,310
903,32,ODD,155
903,33,EVEN,466
903,34,ODD,233
903,35,EVEN,700
903,36,EVEN,350
903,37,ODD,175
903,38,EVEN,526
903,39,ODD,263
903,40,EVEN,790
903,41,ODD,395
903,42,EVEN,1186
903,43,ODD,593
903,44,EVEN,1780
903,45,EVEN,890
903,46,ODD,445
903,47,EVEN,1336
903,48,EVEN,668
903,49,EVEN,334
903,50,ODD,167
903,51,EVEN,502
903,52,ODD,251
903,53,EVEN,754
903,54,ODD,377
903,55,EVEN,1132
903,56,EVEN,566
903,57,ODD,283
903,58,EVEN,850
903,59,ODD,425
903,60,EVEN,1276
903,61,EVEN,638
903,62,ODD,319
903,63,EVEN,958
903,64,ODD,479
903,65,EVEN,1438
903,66,ODD,719
903,67,EVEN,2158
903,68,ODD,1079
903,69,EVEN,3238
903,70,ODD,1619
903,71,EVEN,4858
903,72,ODD,2429
903,73,EVEN,7288
903,74,EVEN,3644
903,75,EVEN,1822
903,76,ODD,911
903,77,EVEN,2734
903,78,ODD,1367
903,79,EVEN,4102
903,80,ODD,2051
903,81,EVEN,6154
903,82,ODD,3077
903,83,EVEN,9232
903,84,EVEN,4616
903,85,EVEN,2308
903,86,EVEN,1154
903,87,ODD,577
903,88,EVEN,1732
903,89,EVEN,866
903,90,ODD,433
903,91,EVEN,1300
903,92,EVEN,650
903,93,ODD,325
903,94,EVEN,976
903,95,EVEN,488
903,96,EVEN,244
903,97,EVEN,122
903,98,ODD,61
903,99,EVEN,184
903,100,EVEN,92
903,101,EVEN,46
903,102,ODD,23
903,103,EVEN,70
903,104,ODD,35
903,105,EVEN,106
903,106,ODD,53
903,107,EVEN,160
903,108,EVEN,80
903,109,EVEN,40
903,110,EVEN,20
903,111,EVEN,10
903,112,ODD,5
903,113,EVEN,16
903,114,EVEN,8
903,115,EVEN,4
903,116,EVEN,2
903,117,END,1
813,1,ODD,813
813,2,EVEN,2440
813,3,EVEN,1220
813,4,EVEN,610
813,5,ODD,305
813,6,EVEN,916
813,7,EVEN,458
813,8,ODD,229
813,9,EVEN,688
813,10,EVEN,344
813,11,EVEN,172
813,12,EVEN,86
813,13,ODD,43
813,14,EVEN,130
813,15,ODD,65
813,16,EVEN,196
813,17,EVEN,98
813,18,ODD,49
813,19,EVEN,148
813,20,EVEN,74
813,21,ODD,37
813,22,EVEN,112
813,23,EVEN,56
813,24,EVEN,28
813,25,EVEN,14
813,26,ODD,7
813,27,EVEN,22
813,28,ODD,11
813,29,EVEN,34
813,30,ODD,17
813,31,EVEN,52
813,32,EVEN,26
813,33,ODD,13
813,34,EVEN,40
813,35,EVEN,20
813,36,EVEN,10
813,37,ODD,5
813,38,EVEN,16
813,39,EVEN,8
813,40,EVEN,4
813,41,EVEN,2
813,42,END,1
133,1,ODD,133
133,2,EVEN,400
133,3,EVEN,200
133,4,EVEN,100
133,5,EVEN,50
133,6,ODD,25
133,7,EVEN,76
133,8,EVEN,38
133,9,ODD,19
133,10,EVEN,58
133,11,ODD,29
133,12,EVEN,88
133,13,EVEN,44
133,14,EVEN,22
133,15,ODD,11
133,16,EVEN,34
133,17,ODD,17
133,18,EVEN,52
133,19,EVEN,26
133,20,ODD,13
133,21,EVEN,40
133,22,EVEN,20
133,23,EVEN,10
133,24,ODD,5
133,25,EVEN,16
133,26,EVEN,8
133,27,EVEN,4
133,28,EVEN,2
133,29,END,1
355,1,ODD,355
355,2,EVEN,1066
355,3,ODD,533
355,4,EVEN,1600
355,5,EVEN,800
355,6,EVEN,400
355,7,EVEN,200
355,8,EVEN,100
355,9,EVEN,50
355,10,ODD,25
355,11,EVEN,76
355,12,EVEN,38
355,13,ODD,19
355,14,EVEN,58
355,15,ODD,29
355,16,EVEN,88
355,17,EVEN,44
355,18,EVEN,22
355,19,ODD,11
355,20,EVEN,34
355,21,ODD,17
355,22,EVEN,52
355,23,EVEN,26
355,24,ODD,13
355,25,EVEN,40
355,26,EVEN,20
355,27,EVEN,10
355,28,ODD,5
355,29,EVEN,16
355,30,EVEN,8
355,31,EVEN,4
355,32,EVEN,2
355,33,END,1
955,1,ODD,955
955,2,EVEN,2866
955,3,ODD,1433
955,4,EVEN,4300
955,5,EVEN,2150
955,6,ODD,1075
955,7,EVEN,3226
955,8,ODD,1613
955,9,EVEN,4840
955,10,EVEN,2420
955,11,EVEN,1210
955,12,ODD,605
955,13,EVEN,1816
955,14,EVEN,908
955,15,EVEN,454
955,16,ODD,227
955,17,EVEN,682
955,18,ODD,341
955,19,EVEN,1024
955,20,EVEN,512
955,21,EVEN,256
955,22,EVEN,128
955,23,EVEN,64
955,24,EVEN,32
955,25,EVEN,16
955,26,EVEN,8
955,27,EVEN,4
955,28,EVEN,2
955,29,END,1
349,1,ODD,349
349,2,EVEN,1048
349,3,EVEN,524
349,4,EVEN,262
349,5,ODD,131
349,6,EVEN,394
349,7,ODD,197
349,8,EVEN,592
349,9,EVEN,296
349,10,EVEN,148
349,11,EVEN,74
349,12,ODD,37
349,13,EVEN,112
349,14,EVEN,56
349,15,EVEN,28
349,16,EVEN,14
349,17,ODD,7
349,18,EVEN,22
349,19,ODD,11
349,20,EVEN,34
349,21,ODD,17
349,22,EVEN,52
349,23,EVEN,26
349,24,ODD,13
349,25,EVEN,40
349,26,EVEN,20
349,27,EVEN,10
349,28,ODD,5
349,29,EVEN,16
349,30,EVEN,8
349,31,EVEN,4
349,32,EVEN,2
349,33,END,1
119,1,ODD,119
119,2,EVEN,358
119,3,ODD,179
119,4,EVEN,538
119,5,ODD,269
119,6,EVEN,808
119,7,EVEN,404
119,8,EVEN,202
119,9,ODD,101
119,10,EVEN,304
119,11,EVEN,152
119,12,EVEN,76
119,13,EVEN,38
119,14,ODD,19
119,15,EVEN,58
119,16,ODD,29
119,17,EVEN,88
119,18,EVEN,44
119,19,EVEN,22
119,20,ODD,11
119,21,EVEN,34
119,22,ODD,17
119,23,EVEN,52
119,24,EVEN,26
119,25,ODD,13
119,26,EVEN,40
119,27,EVEN,20
119,28,EVEN,10
119,29,ODD,5
119,30,EVEN,16
119,31,EVEN,8
119,32,EVEN,4
119,33,EVEN,2
119,34,END,1
813,1,ODD,813
813,2,EVEN,2440
813,3,EVEN,1220
813,4,EVEN,610
813,5,ODD,305
813,6,EVEN,916
813,7,EVEN,458
813,8,ODD,229
813,9,EVEN,688
813,10,EVEN,344
813,11,EVEN,172
813,12,EVEN,86
813,13,ODD,43
813,14,EVEN,130
813,15,ODD,65
813,16,EVEN,196
813,17,EVEN,98
813,18,ODD,49
813,19,EVEN,148
813,20,EVEN,74
813,21,ODD,37
813,22,EVEN,112
813,23,EVEN,56
813,24,EVEN,28
813,25,EVEN,14
813,26,ODD,7
813,27,EVEN,22
813,28,ODD,11
813,29,EVEN,34
813,30,ODD,17
813,31,EVEN,52
813,32,EVEN,26
813,33,ODD,13
813,34,EVEN,40
813,35,EVEN,20
813,36,EVEN,10
813,37,ODD,5
813,38,EVEN,16
813,39,EVEN,8
813,40,EVEN,4
813,41,EVEN,2
813,42,END,1
883,1,ODD,883
883,2,EVEN,2650
883,3,ODD,1325
883,4,EVEN,3976
883,5,EVEN,1988
883,6,EVEN,994
883,7,ODD,497
883,8,EVEN,1492
883,9,EVEN,746
883,10,ODD,373
883,11,EVEN,1120
883,12,EVEN,560
883,13,EVEN,280
883,14,EVEN,140
883,15,EVEN,70
883,16,ODD,35
883,17,EVEN,106
883,18,ODD,53
883,19,EVEN,160
883,20,EVEN,80
883,21,EVEN,40
883,22,EVEN,20
883,23,EVEN,10
883,24,ODD,5
883,25,EVEN,16
883,26,EVEN,8
883,27,EVEN,4
883,28,EVEN,2
883,29,END,1
325,1,ODD,325
325,2,EVEN,976
325,3,EVEN,488
325,4,EVEN,244
325,5,EVEN,122
325,6,ODD,61
325,7,EVEN,184
325,8,EVEN,92
325,9,EVEN,46
325,10,ODD,23
325,11,EVEN,70
325,12,ODD,35
325,13,EVEN,106
325,14,ODD,53
325,15,EVEN,160
325,16,EVEN,80
325,17,EVEN,40
325,18,EVEN,20
325,19,EVEN,10
325,20,ODD,5
325,21,EVEN,16
325,22,EVEN,8
325,23,EVEN,4
325,24,EVEN,2
325,25,END,1
955,1,ODD,955
955,2,EVEN,2866
955,3,ODD,1433
955,4,EVEN,4300
955,5,EVEN,2150
955,6,ODD,1075
955,7,EVEN,3226
955,8,ODD,1613
955,9,EVEN,4840
955,10,EVEN,2420
955,11,EVEN,1210
955,12,ODD,605
955,13,EVEN,1816
955,14,EVEN,908
955,15,EVEN,454
955,16,ODD,227
955,17,EVEN,682
955,18,ODD,341
955,19,EVEN,1024
955,20,EVEN,512
955,21,EVEN,256
955,22,EVEN,128
955,23,EVEN,64
955,24,EVEN,32
955,25,EVEN,16
955,26,EVEN,8
955,27,EVEN,4
955,28,EVEN,2
955,29,END,1
819,1,ODD,819
819,2,EVEN,2458
819,3,ODD,1229
819,4,EVEN,3688
819,5,EVEN,1844
819,6,EVEN,922
819,7,ODD,461
819,8,EVEN,1384
819,9,EVEN,692
819,10,EVEN,346
819,11,ODD,173
819,12,EVEN,520
819,13,EVEN,260
819,14,EVEN,130
819,15,ODD,65
819,16,EVEN,196
819,17,EVEN,98
819,18,ODD,49
819,19,EVEN,148
819,20,EVEN,74
819,21,ODD,37
819,22,EVEN,112
819,23,EVEN,56
819,24,EVEN,28
819,25,EVEN,14
819,26,ODD,7
819,27,EVEN,22
819,28,ODD,11
819,29,EVEN,34
819,30,ODD,17
819,31,EVEN,52
819,32,EVEN,26
819,33,ODD,13
819,34,EVEN,40
819,35,EVEN,20
819,36,EVEN,10
819,37,ODD,5
819,38,EVEN,16
819,39,EVEN,8
819,40,EVEN,4
819,41,EVEN,2
819,42,END,1
951,1,ODD,951
951,2,EVEN,2854
951,3,ODD,1427
951,4,EVEN,4282
951,5,ODD,2141
951,6,EVEN,6424
951,7,EVEN,3212
951,8,EVEN,1606
951,9,ODD,803
951,10,EVEN,2410
951,11,ODD,1205
951,12,EVEN,3616
951,13,EVEN,1808
951,14,EVEN,904
951,15,EVEN,452
951,16,EVEN,226
951,17,ODD,113
951,18,EVEN,340
951,19,EVEN,170
951,20,ODD,85
951,21,EVEN,256
951,22,EVEN,128
951,23,EVEN,64
951,24,EVEN,32
951,25,EVEN,16
951,26,EVEN,8
951,27,EVEN,4
951,28,EVEN,2
951,29,END,1
717,1,ODD,717
717,2,EVEN,2152
717,3,EVEN,1076
717,4,EVEN,538
717,5,ODD,269
717,6,EVEN,808
717,7,EVEN,404
717,8,EVEN,202
717,9,ODD,101
717,10,EVEN,304
717,11,EVEN,152
717,12,EVEN,76
717,13,EVEN,38
717,14,ODD,19
717,15,EVEN,58
717,16,ODD,29
717,17,EVEN,88
717,18,EVEN,44
717,19,EVEN,22
717,20,ODD,11
717,21,EVEN,34
717,22,ODD,17
717,23,EVEN,52
717,24,EVEN,26
717,25,ODD,13
717,26,EVEN,40
717,27,EVEN,20
717,28,EVEN,10
717,29,ODD,5
717,30,EVEN,16
717,31,EVEN,8
717,32,EVEN,4
717,33,EVEN,2
717,34,END,1
135,1,ODD,135
135,2,EVEN,406
135,3,ODD,203
135,4,EVEN,610
135,5,ODD,305
135,6,EVEN,916
135,7,EVEN,458
135,8,ODD,229
135,9,EVEN,688
135,10,EVEN,344
135,11,EVEN,172
135,12,EVEN,86
135,13,ODD,43
135,14,EVEN,130
135,15,ODD,65
135,16,EVEN,196
135,17,EVEN,98
135,18,ODD,49
135,19,EVEN,148
135,20,EVEN,74
135,21,ODD,37
135,22,EVEN,112
135,23,EVEN,56
135,24,EVEN,28
135,25,EVEN,14
135,26,ODD,7
135,27,EVEN,22
135,28,ODD,11
135,29,EVEN,34
135,30,ODD,17
135,31,EVEN,52
135,32,EVEN,26
135,33,ODD,13
135,34,EVEN,40
135,35,EVEN,20
135,36,EVEN,10
135,37,ODD,5
135,38,EVEN,16
135,39,EVEN,8
135,40,EVEN,4
135,41,EVEN,2
135,42,END,1
841,1,ODD,841
841,2,EVEN,2524
841,3,EVEN,1262
841,4,ODD,631
841,5,EVEN,1894
841,6,ODD,947
841,7,EVEN,2842
841,8,ODD,1421
841,9,EVEN,4264
841,10,EVEN,2132
841,11,EVEN,1066
841,12,ODD,533
841,13,EVEN,1600
841,14,EVEN,800
841,15,EVEN,400
841,16,EVEN,200
841,17,EVEN,100
841,18,EVEN,50
841,19,ODD,25
841,20,EVEN,76
841,21,EVEN,38
841,22,ODD,19
841,23,EVEN,58
841,24,ODD,29
841,25,EVEN,88
841,26,EVEN,44
841,27,EVEN,22
841,28,ODD,11
841,29,EVEN,34
841,30,ODD,17
841,31,EVEN,52
841,32,EVEN,26
841,33,ODD,13
841,34,EVEN,40
841,35,EVEN,20
841,36,EVEN,10
841,37,ODD,5
841,38,EVEN,16
841,39,EVEN,8
841,40,EVEN,4
841,41,EVEN,2
841,42,END,1
817,1,ODD,817
817,2,EVEN,2452
817,3,EVEN,1226
817,4,ODD,613
817,5,EVEN,1840
817,6,EVEN,920
817,7,EVEN,460
817,8,EVEN,230
817,9,ODD,115
817,10,EVEN,346
817,11,ODD,173
817,12,EVEN,520
817,13,EVEN,260
817,14,EVEN,130
817,15,ODD,65
817,16,EVEN,196
817,17,EVEN,98
817,18,ODD,49
817,19,EVEN,148
817,20,EVEN,74
817,21,ODD,37
817,22,EVEN,112
817,23,EVEN,56
817,24,EVEN,28
817,25,EVEN,14
817,26,ODD,7
817,27,EVEN,22
817,28,ODD,11
817,29,EVEN,34
817,30,ODD,17
817,31,EVEN,52
817,32,EVEN,26
817,33,ODD,13
817,34,EVEN,40
817,35,EVEN,20
817,36,EVEN,10
817,37,ODD,5
817,38,EVEN,16
817,39,EVEN,8
817,40,EVEN,4
817,41,EVEN,2
817,42,END,1
867,1,ODD,867
867,2,EVEN,2602
867,3,ODD,1301
867,4,EVEN,3904
867,5,EVEN,1952
867,6,EVEN,976
867,7,EVEN,488
867,8,EVEN,244
867,9,EVEN,122
867,10,ODD,61
867,11,EVEN,184
867,12,EVEN,92
867,13,EVEN,46
867,14,ODD,23
867,15,EVEN,70
867,16,ODD,35
867,17,EVEN,106
867,18,ODD,53
867,19,EVEN,160
867,20,EVEN,80
867,21,EVEN,40
867,22,EVEN,20
867,23,EVEN,10
867,24,ODD,5
867,25,EVEN,16
867,26,EVEN,8
867,27,EVEN,4
867,28,EVEN,2
867,29,END,1
813,1,ODD,813
813,2,EVEN,2440
813,3,EVEN,1220
813,4,EVEN,610
813,5,ODD,305
813,6,EVEN,916
813,7,EVEN,458
813,8,ODD,229
813,9,EVEN,688
813,10,EVEN,344
813,11,EVEN,172
813,12,EVEN,86
813,13,ODD,43
813,14,EVEN,130
813,15,ODD,65
813,16,EVEN,196
813,17,EVEN,98
813,18,ODD,49
813,19,EVEN,148
813,20,EVEN,74
813,21,ODD,37
813,22,EVEN,112
813,23,EVEN,56
813,24,EVEN,28
813,25,EVEN,14
813,26,ODD,7
813,27,EVEN,22
813,28,ODD,11
813,29,EVEN,34
813,30,ODD,17
813,31,EVEN,52
813,32,EVEN,26
813,33,ODD,13
813,34,EVEN,40
813,35,EVEN,20
813,36,EVEN,10
813,37,ODD,5
813,38,EVEN,16
813,39,EVEN,8
813,40,EVEN,4
813,41,EVEN,2
813,42,END,1
693,1,ODD,693
693,2,EVEN,2080
693,3,EVEN,1040
693,4,EVEN,520
693,5,EVEN,260
693,6,EVEN,130
693,7,ODD,65
693,8,EVEN,196
693,9,EVEN,98
693,10,ODD,49
693,11,EVEN,148
693,12,EVEN,74
693,13,ODD,37
693,14,EVEN,112
693,15,EVEN,56
693,16,EVEN,28
693,17,EVEN,14
693,18,ODD,7
693,19,EVEN,22
693,20,ODD,11
693,21,EVEN,34
693,22,ODD,17
693,23,EVEN,52
693,24,EVEN,26
693,25,ODD,13
693,26,EVEN,40
693,27,EVEN,20
693,28,EVEN,10
693,29,ODD,5
693,30,EVEN,16
693,31,EVEN,8
693,32,EVEN,4
693,33,EVEN,2
693,34,END,1
423,1,ODD,423
423,2,EVEN,1270
423,3,ODD,635
423,4,EVEN,1906
423,5,ODD,953
423,6,EVEN,2860
423,7,EVEN,1430
423,8,ODD,715
423,9,EVEN,2146
423,10,ODD,1073
423,11,EVEN,3220
423,12,EVEN,1610
423,13,ODD,805
423,14,EVEN,2416
423,15,EVEN,1208
423,16,EVEN,604
423,17,EVEN,302
423,18,ODD,151
423,19,EVEN,454
423,20,ODD,227
423,21,EVEN,682
423,22,ODD,341
423,23,EVEN,1024
423,24,EVEN,512
423,25,EVEN,256
423,26,EVEN,128
423,27,EVEN,64
423,28,EVEN,32
423,29,EVEN,16
423,30,EVEN,8
423,31,EVEN,4
423,32,EVEN,2
423,33,END,1
847,1,ODD,847
847,2,EVEN,2542
847,3,ODD,1271
847,4,EVEN,3814
847,5,ODD,1907
847,6,EVEN,5722
847,7,ODD,2861
847,8,EVEN,8584
847,9,EVEN,4292
847,10,EVEN,2146
847,11,ODD,1073
847,12,EVEN,3220
847,13,EVEN,1610
847,14,ODD,805
847,15,EVEN,2416
847,16,EVEN,1208
847,17,EVEN,604
847,18,EVEN,302
847,19,ODD,151
847,20,EVEN,454
847,21,ODD,227
847,22,EVEN,682
847,23,ODD,341
847,24,EVEN,1024
847,25,EVEN,512
847,26,EVEN,256
847,27,EVEN,128
847,28,EVEN,64
847,29,EVEN,32
847,30,EVEN,16
847,31,EVEN,8
847,32,EVEN,4
847,33,EVEN,2
847,34,END,1
723,1,ODD,723
723,2,EVEN,2170
723,3,ODD,1085
723,4,EVEN,3256
723,5,EVEN,1628
723,6,EVEN,814
723,7,ODD,407
723,8,EVEN,1222
723,9,ODD,611
723,10,EVEN,1834
723,11,ODD,917
723,12,EVEN,2752
723,13,EVEN,1376
723,14,EVEN,688
723,15,EVEN,344
723,16,EVEN,172
723,17,EVEN,86
723,18,ODD,43
723,19,EVEN,130
723,20,ODD,65
723,21,EVEN,196
723,22,EVEN,98
723,23,ODD,49
723,24,EVEN,148
723,25,EVEN,74
723,26,ODD,37
723,27,EVEN,112
723,28,EVEN,56
723,29,EVEN,28
723,30,EVEN,14
723,31,ODD,7
723,32,EVEN,22
723,33,ODD,11
723,34,EVEN,34
723,35,ODD,17
723,36,EVEN,52
723,37,EVEN,26
723,38,ODD,13
723,39,EVEN,40
723,40,EVEN,20
723,41,EVEN,10
723,42,ODD,5
723,43,EVEN,16
723,44,EVEN,8
723,45,EVEN,4
723,46,EVEN,2
723,47,END,1
