z_value,k_value,sep
828078961,217,1
135034673,217,1
835272053,217,2
880210194,217,5
147567259,217,6
856416463,217,7
833206823,217,7
825141132,217,9
143341806,217,9
833664255,217,10
143010405,217,10
814771173,217,13
839354464,217,14
872990273,217,16
139285007,217,17
981394351,217,19
886113634,217,19
815910279,217,20
825381575,217,22
819580932,217,23
834886744,217,26
886382228,217,27
798954234,217,28
143316545,217,28
903375184,217,36
863390791,217,37
831509959,217,40
825366579,217,40
822471118,217,41
142414873,217,41
822394438,217,44
889597438,217,52
887762945,217,52
841542162,217,52
838922490,217,54
886462115,217,55
886024831,217,55
982332067,217,56
848482221,217,57
799079069,217,65
794224541,217,74
802559385,217,78
882489586,217,79
801527865,217,79
138832219,217,85
874149216,217,86
834816892,217,88
143516741,217,89
138683196,217,89
836775896,217,90
861585250,217,91
843892828,217,91
886192492,217,92
835055306,217,98
819580832,217,100
824548750,217,109
831382341,217,110
887764381,217,112
815038780,217,112
869449446,217,113
862974531,217,113
824887241,217,115
882736980,217,119
792141636,217,122
858325269,217,124
815170398,217,125
801456802,217,125
821300836,217,128
819174961,217,128
886224201,217,130
139474651,217,130
816715857,217,131
862781846,217,132
143521715,217,134
23197914,217,141
140102662,217,144
863069005,217,150
860122347,217,150
814930652,217,151
832974706,217,152
141381244,217,152
863029270,217,154
860266728,217,154
143009584,217,156
137931073,217,156
792033725,217,158
139680847,217,159
828158106,217,160
815368855,217,167
824650019,217,169
793560779,217,177
137443290,217,178
838392050,217,184
832007620,217,184
838017456,217,190
886381336,217,194
816584922,217,194
831504131,217,197
839837603,217,203
911509461,217,205
827550434,217,208
812742699,217,209
790226245,217,209
893007157,217,210
885814206,217,211
862182260,217,212
860081418,217,214
831391124,217,215
133245695,217,220
815240480,217,221
837019863,217,229
23491470,217,239
886518298,217,241
790944940,217,241
824648766,217,244
135825518,217,244
799971469,217,248
839453485,217,250
856268680,217,251
886463267,217,253
835406976,217,253
843740340,217,255
801295678,217,256
886083256,217,258
832670081,217,261
876754956,217,267
147643394,217,273
867041472,217,276
816454411,217,276
790922947,217,278
143068843,217,281
887762997,217,282
839766559,217,282
790095455,217,282
856114126,217,286
825057274,217,288
824896424,217,288
884206453,217,291
798721273,217,292
839592232,217,293
23276859,217,293
832974858,217,294
792141339,217,297
856116784,217,301
980499055,217,314
819108208,217,314
808552859,217,315
139284099,217,319
829309272,217,321
824914561,217,322
831484511,217,324
138558582,217,329
865459833,217,336
807791690,217,337
863214872,217,340
138876607,217,346
831948941,217,349
823788146,217,360
911614505,217,362
982231162,217,363
844186526,217,364
828308390,217,367
801273674,217,370
791209510,217,371
149140472,217,374
833259441,217,376
800971495,217,383
824922473,217,386
910568500,217,390
845940064,217,391
141000326,217,394
886184934,217,399
900339559,217,405
839932202,217,405
841942437,217,406
794277610,217,410
824995263,217,412
873696886,217,413
833000476,217,414
841893097,217,416
980764989,217,418
139927374,217,422
850554919,217,431
22971393,217,432
869772045,217,433
799428827,217,437
836848404,217,438
886368077,217,440
822021393,217,443
844441723,217,447
830245969,217,452
140613382,217,453
878980784,217,458
835823788,217,461
844282468,217,464
795143819,217,467
819906927,217,472
801448353,217,474
816690715,217,476
886096545,217,478
802012947,217,483
136264646,217,484
139483678,217,485
834837440,217,488
912765131,217,489
820962152,217,489
866085649,217,506
824420509,217,506
982331556,217,511
821955717,217,511
886330662,217,515
823550036,217,515
842141784,217,516
801406161,217,522
794310510,217,526
886224331,217,528
831483981,217,530
812136833,217,530
864259640,217,531
148456799,217,532
886163522,217,533
825336508,217,533
864316569,217,534
138585723,217,541
137823814,217,543
143816814,217,545
910635794,217,547
843674135,217,549
873582223,217,557
839722053,217,562
147564153,217,570
839017275,217,573
894840406,217,575
911667002,217,581
838353754,217,581
886382255,217,584
793551105,217,584
801538193,217,585
856831187,217,587
833551425,217,588
848231846,217,589
139284418,217,589
882736385,217,595
859735352,217,595
790985186,217,596
872949294,217,597
823554673,217,598
801884487,217,600
145045944,217,609
830299941,217,616
863072435,217,623
815369022,217,623
790094829,217,626
862976787,217,631
983137610,217,632
840655656,217,636
856117085,217,639
139184475,217,648
829037805,217,655
143009740,217,665
145627624,217,666
145032240,217,666
139181616,217,680
841283224,217,689
878620460,217,690
840424602,217,691
800478272,217,691
22968802,217,693
886381530,217,698
821504174,217,699
799079134,217,701
865459131,217,702
837861394,217,702
816715988,217,707
139931226,217,710
884990420,217,715
792117382,217,718
890988783,217,719
836775986,217,723
132334034,217,740
882737099,217,742
848135270,217,743
822714347,217,744
851697261,217,746
886024886,217,748
790985782,217,750
827769908,217,751
815092512,217,752
834886770,217,756
801527944,217,766
825593234,217,767
843673364,217,771
796725806,217,775
851653301,217,776
798672191,217,777
791870447,217,778
842262140,217,779
824532622,217,787
812965278,217,795
829803804,217,796
886082455,217,801
858320418,217,804
880208469,217,805
792033883,217,808
140101853,217,809
799490312,217,815
879286001,217,818
830912206,217,818
861527141,217,819
815060159,217,826
797148660,217,826
794223714,217,827
814576395,217,832
141867104,217,835
799816569,217,846
871755158,217,847
802768374,217,848
801002252,217,849
817016196,217,855
840702045,217,864
839836739,217,864
801570933,217,869
839320187,217,871
813078355,217,896
794307213,217,902
139981813,217,907
885984603,217,915
139836841,217,916
880209274,217,920
831246950,217,925
985115227,217,932
982230228,217,934
832017197,217,934
843891889,217,939
794297322,217,940
870243039,217,941
886414419,217,942
135985136,217,966
831268002,217,983
873838096,217,986
815337422,217,990
138810488,217,997
886185333,217,1003
820068631,217,1006
824649010,217,1009
848166676,217,1012
835703670,217,1012
830957070,217,1018
141360046,217,1018
799055759,217,1023
886183903,217,1031
830873334,217,1031
860080386,217,1032
814729259,217,1040
869684932,217,1041
870129410,217,1042
138715427,217,1042
794309464,217,1046
793596573,217,1048
864240344,217,1053
839660298,217,1055
828645451,217,1057
910868709,217,1063
837504730,217,1064
141964177,217,1066
801597727,217,1071
879622546,217,1072
140732261,217,1077
829256310,217,1080
887819492,217,1087
140731169,217,1092
829843756,217,1093
882488492,217,1094
886462170,217,1097
887763279,217,1102
814966581,217,1108
824644971,217,1111
886733275,217,1114
815655716,217,1114
825424595,217,1123
143528093,217,1124
826873372,217,1126
143229082,217,1126
869987057,217,1134
842262919,217,1136
144937248,217,1139
138649442,217,1142
836183026,217,1146
793560956,217,1146
885611887,217,1148
799815420,217,1149
832023732,217,1152
845181570,217,1156
886119484,217,1162
824886076,217,1165
829810306,217,1173
801395360,217,1175
138545459,217,1175
854865973,217,1176
876755223,217,1179
790981443,217,1186
873836909,217,1187
862187304,217,1193
840711057,217,1197
887343919,217,1202
812122643,217,1202
796995899,217,1202
848599062,217,1211
800663540,217,1211
859855047,217,1226
886581087,217,1235
140076170,217,1238
831387910,217,1239
851585780,217,1241
835010540,217,1241
801456927,217,1243
865647148,217,1245
885610641,217,1246
801571802,217,1251
845948291,217,1253
886120646,217,1258
820256449,217,1259
819561465,217,1260
858319153,217,1265
886463520,217,1267
812742908,217,1270
829804600,217,1275
846114030,217,1280
840170204,217,1281
815688096,217,1282
839762956,217,1285
831905088,217,1289
832850682,217,1290
151784683,217,1291
139927796,217,1293
879113123,217,1295
131785643,217,1300
863421365,217,1301
836722386,217,1303
856827744,217,1306
790335290,217,1316
875975418,217,1319
845866269,217,1319
137530397,217,1327
885573911,217,1341
872947953,217,1341
139287218,217,1348
794308115,217,1349
855932496,217,1357
983966466,217,1358
884205095,217,1358
791232391,217,1367
810230889,217,1369
144902634,217,1371
984729832,217,1374
885985518,217,1374
825281724,217,1377
823542249,217,1379
865457751,217,1380
856527811,217,1382
859424691,217,1385
845940455,217,1394
137531724,217,1394
878943141,217,1399
831486425,217,1402
148496678,217,1404
864317103,217,1405
856364549,217,1406
839773629,217,1407
844334723,217,1410
140708417,217,1410
791239104,217,1414
867055686,217,1416
840621259,217,1416
828174728,217,1420
812267489,217,1422
860141208,217,1430
146686884,217,1444
829257390,217,1447
876016496,217,1451
815845128,217,1452
837627096,217,1457
842304702,217,1467
835168409,217,1468
815823414,217,1471
824995675,217,1477
135033192,217,1481
837780903,217,1490
148834092,217,1490
886025634,217,1502
802156553,217,1502
802224108,217,1503
800947461,217,1503
882516747,217,1504
133293044,217,1505
836588722,217,1506
815681619,217,1511
814767707,217,1512
141871744,217,1514
840014833,217,1520
910703582,217,1521
985116159,217,1524
823311021,217,1529
138661817,217,1529
819365831,217,1530
873302105,217,1536
834835900,217,1540
814948275,217,1543
833286863,217,1545
882629452,217,1546
818844192,217,1550
828183044,217,1551
856867718,217,1557
819499296,217,1557
823794659,217,1559
836826945,217,1560
839015714,217,1561
854977824,217,1564
833277166,217,1566
836004424,217,1568
821964619,217,1570
851941008,217,1572
984105594,217,1576
831484835,217,1590
886164055,217,1608
885028993,217,1614
856977801,217,1616
839252640,217,1620
845973290,217,1635
842569717,217,1651
137596881,217,1652
794609606,217,1653
887790961,217,1660
827993174,217,1661
885949717,217,1664
822469450,217,1668
801475341,217,1673
147841079,217,1676
885034927,217,1692
839334269,217,1695
874025574,217,1697
816583220,217,1702
910889717,217,1704
832208565,217,1705
870127704,217,1706
23190553,217,1706
790093122,217,1707
887846909,217,1711
809552178,217,1718
846521356,217,1721
820251741,217,1722
814771186,217,1728
137922686,217,1728
910581220,217,1730
828184595,217,1731
823709707,217,1731
885030607,217,1738
790845150,217,1739
845862404,217,1752
843766768,217,1753
799927734,217,1757
794221955,217,1759
864298344,217,1761
819989689,217,1763
832781549,217,1771
853455413,217,1773
861107207,217,1775
842185442,217,1778
812966073,217,1780
886402609,217,1786
822977214,217,1790
822026158,217,1802
883660182,217,1811
131778257,217,1813
835724016,217,1820
819371374,217,1821
865453130,217,1825
812186120,217,1827
825337041,217,1831
910589075,217,1832
832986050,217,1839
141954444,217,1840
870156886,217,1841
821463364,217,1845
823312550,217,1851
860246099,217,1853
843416087,217,1854
838169356,217,1854
856975945,217,1856
801569076,217,1857
827446880,217,1858
983197334,217,1871
874603939,217,1875
861134021,217,1875
856865843,217,1875
887945757,217,1881
897289998,217,1883
147567265,217,1886
22969495,217,1898
164167882,217,1899
874023671,217,1903
800489731,217,1904
142805273,217,1906
895587934,217,1907
801393452,217,1908
845728306,217,1910
139884948,217,1911
824546835,217,1915
135337133,217,1921
836916682,217,1927
834889479,217,1936
878981242,217,1937
846112093,217,1937
846063995,217,1940
836186365,217,1944
141998071,217,1944
794351439,217,1946
818619128,217,1947
860247952,217,1951
834887526,217,1953
823538114,217,1954
814769219,217,1954
844197684,217,1955
793368662,217,1955
863073058,217,1956
836884573,217,1963
822712381,217,1966
882689765,217,1970
831389149,217,1975
790923225,217,1975
793597621,217,1977
815683130,217,1981
829323349,217,1982
861386683,217,1983
143903428,217,1987
825425718,217,1993
883449846,217,2009
870172685,217,2017
851695244,217,2017
790940052,217,2026
865637197,217,2029
826887712,217,2029
801525835,217,2030
824920440,217,2033
851709608,217,2034
844439677,217,2046
840171485,217,2046
834429714,217,2047
873834851,217,2058
824891299,217,2062
863468984,217,2064
24176541,217,2066
839473265,217,2079
812201849,217,2081
142412787,217,2086
835824249,217,2090
140081521,217,2098
829014827,217,2100
851325648,217,2103
851942580,217,2106
139288566,217,2107
851944686,217,2110
845864156,217,2113
852101089,217,2114
829705359,217,2114
144370412,217,2117
23093304,217,2133
819631547,217,2134
856829050,217,2137
139929089,217,2137
824294981,217,2138
862974644,217,2143
886083514,217,2147
843160356,217,2161
983202391,217,2167
807792027,217,2173
812190692,217,2178
151768250,217,2178
143575604,217,2178
139182296,217,2179
823540068,217,2181
840490230,217,2182
829009584,217,2183
164037405,217,2185
836184172,217,2193
139285024,217,2194
138556388,217,2194
887348283,217,2198
815206265,217,2201
982266784,217,2211
887844696,217,2213
821300964,217,2222
825236095,217,2224
882551104,217,2235
801318738,217,2246
882714222,217,2250
138554137,217,2251
860972078,217,2252
833583531,217,2252
828458945,217,2252
854960418,217,2261
832443934,217,2261
801473079,217,2262
831391339,217,2263
832007804,217,2264
800478963,217,2264
793760264,217,2267
133553531,217,2276
801520172,217,2279
834877909,217,2280
797037502,217,2288
825366619,217,2295
815468080,217,2299
839764241,217,2318
859975918,217,2320
853457186,217,2321
821950807,217,2323
834491124,217,2324
818805312,217,2329
851727532,217,2331
824338403,217,2332
137426147,217,2343
862184946,217,2358
823567157,217,2365
823474357,217,2365
835744493,217,2366
140728802,217,2367
856114412,217,2372
825233720,217,2375
144944839,217,2375
839661353,217,2383
792023417,217,2401
790846889,217,2402
838981150,217,2403
873839082,217,2405
835920157,217,2414
894423472,217,2418
886247472,217,2419
867062921,217,2425
824989284,217,2425
862914702,217,2426
799614712,217,2433
145780740,217,2442
817017051,217,2443
139224184,217,2443
22646558,217,2459
825205746,217,2461
834895326,217,2465
869755629,217,2468
862182472,217,2474
824642497,217,2474
801295934,217,2482
810161784,217,2486
800677276,217,2493
860100734,217,2494
833263474,217,2494
836398482,217,2499
817048506,217,2504
839398233,217,2508
828214014,217,2514
793366145,217,2517
834488591,217,2533
147564723,217,2536
828308757,217,2540
887736079,217,2547
807998517,217,2553
856837070,217,2557
790982629,217,2557
827990612,217,2562
845984611,217,2576
145489183,217,2576
885032345,217,2582
821953130,217,2587
138656024,217,2595
844183920,217,2606
839564418,217,2610
819735794,217,2614
851711642,217,2619
852014003,217,2630
831911568,217,2635
852228436,217,2636
832024884,217,2636
138876953,217,2636
22712893,217,2639
827770659,217,2640
824922859,217,2644
139481034,217,2644
858723948,217,2645
148321127,217,2652
840560362,217,2659
835721351,217,2665
139939882,217,2668
143341815,217,2669
883636733,217,2671
842567041,217,2676
858288940,217,2677
799812737,217,2683
824646082,217,2684
139924665,217,2709
832343088,217,2713
810301785,217,2719
887838057,217,2721
848057062,217,2734
824925503,217,2735
824533409,217,2738
801420267,217,2739
890731110,217,2742
833389917,217,2745
812187947,217,2745
873706472,217,2748
139580838,217,2749
824555007,217,2750
860229937,217,2753
851587021,217,2762
897250471,217,2769
828980957,217,2769
856676694,217,2774
829258837,217,2781
879067806,217,2786
827987820,217,2792
865454955,217,2796
825278922,217,2802
139148950,217,2804
979981422,217,2810
143697090,217,2816
825543142,217,2817
853452595,217,2818
819991452,217,2818
844186890,217,2822
135397870,217,2828
140371360,217,2833
141879338,217,2835
886292136,217,2841
910705103,217,2842
887749131,217,2852
840487376,217,2854
790942078,217,2862
800505993,217,2865
820248875,217,2866
870143681,217,2871
911650999,217,2881
869858170,217,2881
886283885,217,2884
886280996,217,2889
859372419,217,2894
864237445,217,2899
826091679,217,2900
799817415,217,2903
831786891,217,2906
802239915,217,2915
861097624,217,2921
856973020,217,2925
827812256,217,2931
824760104,217,2939
844810165,217,2948
845687257,217,2950
831339041,217,2955
890962631,217,2956
885323732,217,2957
886079495,217,2960
801635501,217,2962
911502933,217,2965
139256381,217,2966
815252324,217,2970
872990289,217,2983
815685111,217,2985
820253463,217,2986
839657310,217,2988
793771249,217,2995
799002143,217,2997
984903700,217,3010
824536147,217,3018
864300105,217,3020
840946841,217,3022
835971958,217,3035
796722769,217,3037
794173349,217,3043
885951381,217,3046
833596844,217,3058
829011767,217,3060
824893361,217,3063
817065555,217,3063
825118069,217,3065
799757702,217,3072
843712912,217,3078
828819375,217,3078
824185549,217,3079
891553746,217,3080
840221973,217,3080
824639408,217,3089
132330942,217,3092
846702112,217,3093
846665373,217,3098
858051793,217,3103
139190095,217,3105
141119152,217,3115
845981495,217,3116
844194561,217,3123
844373322,217,3126
825097343,217,3127
819171832,217,3129
816603670,217,3129
790799185,217,3131
163650484,217,3131
794611259,217,3145
827032506,217,3149
825214353,217,3152
982199939,217,3155
825217505,217,3160
836918609,217,3161
887345121,217,3162
816629752,217,3162
140681585,217,3162
844275816,217,3169
135333962,217,3171
841848982,217,3173
147716950,217,3178
133588433,217,3179
880237489,217,3182
851193797,217,3183
810298601,217,3184
983199205,217,3186
873303641,217,3186
843618060,217,3190
882722031,217,3192
890673273,217,3195
886093350,217,3195
861503967,217,3195
145624429,217,3195
873740973,217,3198
138658619,217,3198
830444080,217,3199
801298416,217,3205
840039302,217,3215
848993691,217,3217
823170471,217,3218
839718831,217,3222
138284538,217,3228
838313711,217,3234
821990346,217,3234
825146444,217,3236
138116917,217,3236
851691997,217,3247
834469957,217,3250
799980625,217,3250
793551689,217,3264
883651400,217,3267
798705221,217,3271
861135896,217,3272
858310822,217,3273
843417941,217,3278
863069155,217,3280
140988027,217,3282
816931503,217,3284
982342258,217,3285
886759332,217,3297
839354478,217,3306
800571878,217,3311
837415751,217,3312
144955395,217,3312
802046479,217,3316
982338938,217,3320
873744171,217,3323
140556710,217,3329
812133493,217,3340
140721474,217,3351
137497192,217,3351
826740376,217,3353
793698297,217,3354
861532854,217,3357
886294977,217,3361
828801339,217,3367
843952453,217,3370
22709519,217,3374
793593198,217,3375
801522451,217,3384
981072498,217,3388
859799549,217,3396
814615404,217,3398
133555807,217,3405
800923528,217,3406
830246421,217,3413
794361647,217,3414
883555301,217,3418
143529217,217,3420
861796195,217,3421
837857973,217,3421
818676604,217,3423
873747494,217,3429
810227451,217,3438
839241960,217,3442
794606159,217,3447
140709827,217,3451
792221488,217,3452
801735503,217,3465
844296163,217,3469
145108401,217,3469
836839459,217,3482
135822036,217,3482
844278985,217,3483
869946342,217,3485
851817391,217,3490
837252328,217,3490
825421103,217,3492
836529699,217,3502
835968445,217,3513
857128597,217,3514
839592525,217,3515
840937447,217,3523
839588707,217,3525
888276853,217,3530
815093264,217,3535
139957302,217,3538
132023843,217,3542
140378804,217,3548
837102159,217,3549
135844293,217,3552
886212717,217,3554
824991709,217,3554
911505898,217,3563
856142300,217,3566
828291623,217,3567
985876729,217,3574
821956228,217,3575
842571368,217,3577
836526114,217,3585
833255854,217,3587
816934787,217,3590
830913024,217,3594
839254260,217,3597
886017560,217,3608
151764638,217,3612
164033788,217,3617
812137363,217,3630
836034475,217,3632
890485822,217,3633
815952241,217,3644
814936929,217,3651
856869275,217,3655
833259817,217,3657
833111729,217,3657
793976642,217,3658
886021168,217,3663
835826339,217,3665
139661011,217,3667
23487792,217,3678
840551384,217,3685
861193216,217,3686
831487827,217,3691
821976833,217,3695
825149680,217,3710
823796218,217,3715
862901342,217,3719
791668059,217,3720
140717752,217,3722
834897791,217,3734
857381139,217,3737
836828505,217,3740
822390689,217,3749
819104426,217,3782
141867939,217,3805
839759148,217,3808
980614680,217,3815
815255294,217,3825
854862145,217,3828
878612552,217,3832
138872774,217,3833
867083723,217,3848
979969934,217,3853
145768731,217,3858
887825376,217,3868
801598798,217,3869
836005992,217,3875
838469362,217,3895
822998787,217,3897
791217068,217,3899
870372810,217,3900
819483312,217,3907
834891415,217,3911
982268995,217,3912
887840778,217,3918
140391264,217,3918
859420771,217,3920
879968312,217,3921
884197010,217,3922
794318162,217,3931
836927765,217,3939
824887356,217,3943
819580955,217,3943
838445438,217,3956
885359613,217,3975
823563180,217,3977
140724825,217,3977
856268931,217,3979
816716695,217,3979
856395212,217,3983
984612974,217,3984
807787700,217,3990
840042517,217,3995
983193329,217,4005
839714823,217,4008
838146573,217,4012
819367361,217,4013
869685973,217,4016
821807270,217,4016
140984011,217,4016
886067986,217,4022
834737357,217,4024
982549302,217,4025
848059796,217,4026
807799904,217,4030
793680410,217,4031
822184287,217,4042
135986102,217,4043
858321222,217,4047
894620403,217,4052
890722296,217,4056
824310476,217,4065
882460836,217,4071
878616384,217,4076
832439851,217,4083
824928238,217,4096
814602906,217,4106
140077408,217,4113
823550551,217,4122
824421015,217,4124
800386218,217,4130
844255980,217,4135
803331222,217,4148
835830004,217,4160
884200932,217,4163
869914379,217,4173
823666137,217,4184
827686523,217,4190
842264055,217,4198
854973625,217,4199
818839981,217,4211
883661993,217,4216
831944724,217,4217
836408897,217,4223
819394812,217,4223
827550642,217,4232
23095437,217,4239
859731106,217,4246
848284088,217,4248
823569522,217,4257
137824357,217,4257
862484316,217,4265
137961094,217,4267
163832492,217,4268
885954427,217,4271
131803064,217,4272
820224641,217,4274
847199361,217,4280
164218390,217,4283
869514614,217,4293
825113774,217,4295
133432487,217,4297
863464686,217,4298
846727004,217,4304
3920747,217,4305
810294289,217,4312
869751316,217,4313
816746915,217,4315
834941862,217,4322
822021836,217,4322
886121904,217,4324
820962641,217,4327
135869842,217,4328
831334712,217,4329
886728935,217,4340
845949544,217,4343
812239130,217,4348
144270407,217,4358
801436083,217,4360
882977622,217,4364
889632931,217,4372
833479319,217,4377
137918308,217,4378
147592329,217,4386
836810232,217,4402
840425293,217,4403
830874365,217,4403
822979004,217,4403
794626614,217,4427
829805875,217,4431
824788885,217,4442
833322958,217,4456
845715459,217,4460
835963972,217,4473
140713278,217,4474
144932769,217,4479
22922954,217,4494
886192584,217,4499
799546953,217,4503
799491127,217,4523
143437903,217,4525
884180433,217,4532
844136639,217,4534
801396535,217,4534
148452265,217,4534
861507162,217,4541
845953887,217,4569
833095168,217,4580
816820289,217,4584
870174702,217,4587
864241397,217,4601
140374193,217,4611
827335055,217,4618
859437594,217,4621
886153587,217,4636
911662360,217,4642
163493774,217,4642
825100470,217,4649
828311297,217,4658
835885947,217,4660
827911651,217,4660
143628877,217,4671
821966189,217,4678
816509368,217,4684
799345059,217,4684
836911988,217,4694
886208019,217,4698
824770551,217,4699
831341996,217,4705
861033928,217,4706
874144504,217,4712
799485600,217,4712
860142638,217,4713
828320922,217,4714
843431473,217,4722
828078962,217,4723
800501269,217,4724
807782969,217,4731
147596715,217,4734
827504908,217,4737
824834276,217,4747
822016642,217,4751
825971720,217,4755
890726352,217,4758
911509666,217,4784
163617179,217,4790
798667399,217,4792
147862034,217,4792
886276200,217,4796
887820579,217,4797
869732922,217,4799
133321012,217,4806
860663723,217,4811
826203207,217,4812
821959803,217,4816
840798603,217,4821
864260171,217,4823
858690508,217,4826
147664836,217,4832
822696936,217,4838
844189712,217,4849
792018557,217,4860
861038634,217,4862
845545315,217,4868
844270933,217,4883
143516830,217,4885
137818927,217,4887
812147380,217,4889
861527960,217,4894
144963816,217,4899
897229527,217,4904
848606525,217,4912
843155443,217,4913
855933853,217,4918
871756005,217,4926
836848842,217,4930
888695043,217,4934
874149302,217,4939
825220665,217,4940
835775351,217,4942
820280613,217,4942
812152269,217,4949
825153390,217,4951
839837806,217,4964
134998518,217,4966
828315955,217,4967
842425501,217,4971
139185123,217,4972
866116316,217,4979
844434696,217,4981
808431273,217,4982
876764689,217,4989
856077841,217,4995
142707441,217,4995
888690041,217,5002
890754451,217,5003
842257117,217,5023
846516314,217,5042
882553339,217,5051
851748994,217,5056
858314095,217,5058
860081632,217,5062
863029424,217,5064
850555350,217,5070
837355774,217,5071
792125697,217,5084
869853080,217,5090
801401069,217,5092
823506169,217,5100
144958707,217,5109
790945181,217,5112
887848620,217,5126
138619637,217,5131
139686694,217,5132
836770756,217,5140
823670321,217,5141
886202873,217,5146
822701774,217,5147
793436539,217,5151
799329233,217,5172
878621150,217,5185
839576853,217,5187
831906377,217,5191
846938535,217,5192
822730361,217,5213
832995261,217,5215
869861051,217,5226
790849291,217,5235
831478745,217,5236
825587994,217,5240
847821309,217,5243
851729863,217,5249
141375985,217,5259
790330028,217,5262
790854526,217,5263
819546012,217,5274
147506107,217,5275
839953017,217,5283
858726593,217,5284
870064426,217,5292
840555069,217,5293
856831774,217,5296
886158223,217,5299
138771543,217,5300
825141141,217,5303
882691735,217,5312
823799933,217,5317
833644190,217,5325
839596040,217,5329
898604747,217,5336
873537418,217,5343
863263164,217,5344
791233758,217,5346
882475474,217,5351
886097023,217,5364
886286769,217,5367
843394929,217,5389
985535583,217,5400
833714865,217,5408
887219069,217,5413
840003086,217,5415
799807307,217,5430
138571686,217,5436
138650584,217,5440
886012119,217,5441
880203027,217,5442
831579976,217,5442
831393602,217,5446
831382451,217,5459
822706921,217,5460
810206082,217,5461
136988272,217,5462
836842941,217,5463
803325750,217,5472
23491709,217,5476
890575427,217,5487
883654667,217,5515
815086991,217,5521
883019222,217,5523
147702277,217,5524
851686472,217,5525
791265100,217,5529
886311534,217,5533
859432044,217,5550
824914883,217,5557
882716472,217,5559
131780070,217,5573
869974285,217,5601
832018131,217,5601
883024745,217,5616
860086694,217,5616
879972233,217,5618
865670127,217,5618
829768959,217,5624
831504328,217,5631
842299054,217,5648
831008269,217,5652
134992864,217,5654
858399265,217,5655
23192259,217,5655
844178262,217,5658
141006503,217,5663
144241786,217,5672
139575165,217,5673
869940663,217,5679
139681006,217,5688
791226695,217,5696
812736999,217,5700
807794200,217,5704
794216251,217,5704
861421375,217,5717
794963511,217,5717
138120153,217,5717
133426770,217,5717
138683285,217,5718
139951576,217,5726
791220967,217,5728
799027729,217,5749
869999982,217,5753
861128257,217,5764
862847370,217,5766
865675745,217,5772
141000720,217,5783
856537460,217,5786
886197083,217,5790
869689989,217,5802
824932334,217,5815
867057102,217,5819
886331177,217,5823
793554953,217,5826
886113653,217,5831
835725836,217,5832
836349301,217,5834
799837141,217,5841
867041748,217,5857
863023413,217,5857
886762629,217,5861
859612561,217,5863
832703787,217,5870
824289111,217,5870
840940970,217,5871
835079629,217,5876
838030569,217,5881
143934204,217,5890
791418190,217,5908
828158266,217,5919
983967824,217,5920
852016633,217,5928
832523160,217,5928
801514239,217,5933
138643502,217,5940
821970867,217,5966
859426076,217,5968
879061836,217,5970
790839165,217,5985
885009052,217,5995
836921770,217,5995
138539463,217,5996
886396608,217,6001
793970640,217,6002
885575252,217,6038
825248987,217,6055
836894664,217,6059
863390828,217,6062
141873258,217,6080
870058338,217,6088
885022896,217,6097
853814061,217,6124
910582950,217,6125
814930803,217,6126
873601921,217,6138
825208207,217,6146
824548859,217,6148
823788506,217,6153
886186336,217,6156
827895564,217,6185
833564614,217,6190
135048441,217,6198
859407542,217,6202
888346357,217,6205
869949827,217,6241
143521849,217,6244
848600273,217,6252
139474781,217,6253
822305266,217,6254
829309593,217,6277
869419732,217,6278
824304194,217,6282
139886859,217,6283
869924934,217,6285
147658547,217,6289
23652089,217,6291
826125966,217,6292
847668375,217,6293
886390310,217,6298
848455711,217,6304
23756524,217,6310
861079389,217,6324
822767083,217,6327
795436960,217,6331
845709127,217,6332
840008501,217,6332
878944540,217,6336
824069582,217,6337
857586036,217,6345
163836760,217,6345
886005773,217,6346
864264994,217,6347
827554874,217,6350
869670212,217,6352
830990802,217,6352
799540596,217,6357
823963641,217,6372
147669668,217,6375
143049443,217,6377
23373865,217,6379
869918552,217,6382
880150319,217,6383
833000890,217,6385
812140993,217,6387
871622021,217,6389
818782269,217,6389
887224482,217,6393
983266194,217,6400
837922380,217,6400
823543628,217,6408
819633681,217,6424
836931704,217,6432
856255500,217,6434
815053725,217,6434
845941849,217,6442
839327824,217,6445
144938387,217,6452
132017387,217,6456
845702665,217,6462
828223323,217,6482
856740133,217,6509
852170283,217,6510
882510221,217,6526
863384261,217,6530
815032245,217,6535
827004621,217,6536
820966968,217,6549
834880189,217,6555
873608059,217,6562
982388096,217,6563
851319080,217,6568
845974925,217,6570
842381342,217,6577
838307123,217,6588
826733782,217,6594
870121105,217,6599
833720273,217,6609
838922544,217,6629
869799342,217,6642
984906710,217,6648
137924414,217,6659
861100545,217,6662
839347802,217,6662
839582040,217,6667
145617761,217,6668
835048629,217,6677
983204558,217,6681
825427711,217,6693
794270914,217,6696
842187220,217,6708
807803934,217,6709
131796354,217,6710
845915914,217,6714
843874034,217,6716
140395182,217,6718
825158341,217,6725
822983407,217,6738
861027186,217,6742
856261934,217,6746
834946184,217,6752
137533118,217,6764
903784442,217,6765
839321058,217,6766
815199483,217,6782
839766841,217,6788
799939822,217,6794
828216528,217,6795
873582780,217,6799
982332123,217,6815
882697047,217,6834
851275889,217,6847
851029415,217,6856
133559212,217,6873
983973744,217,6878
138475732,217,6881
828176148,217,6896
800016138,217,6917
903166226,217,6933
812243478,217,6945
856357589,217,6960
136257685,217,6961
860173969,217,6965
791258130,217,6970
798175486,217,6995
825338872,217,7020
859413744,217,7027
847486445,217,7035
799376563,217,7050
882639036,217,7066
897092047,217,7069
824297119,217,7075
139249304,217,7077
816622670,217,7082
885371142,217,7089
890833948,217,7094
859112778,217,7096
842193928,217,7111
23844971,217,7113
794311036,217,7126
832010068,217,7129
790832032,217,7133
873709220,217,7140
886249891,217,7156
833248697,217,7157
792957435,217,7166
869979886,217,7171
796797625,217,7174
903777265,217,7177
885986892,217,7181
982223046,217,7182
799533414,217,7182
885046467,217,7183
827386764,217,7183
791209881,217,7187
872983062,217,7211
836832245,217,7214
858352438,217,7223
814949818,217,7225
982203094,217,7232
839245402,217,7238
819399035,217,7246
827035655,217,7253
860249903,217,7256
869412475,217,7257
856632133,217,7262
842232606,217,7281
23497185,217,7282
874166403,217,7284
800575189,217,7321
832987889,217,7372
869704586,217,7379
810198698,217,7384
848159291,217,7385
131817803,217,7394
825283101,217,7401
791163669,217,7409
842268253,217,7424
828822453,217,7430
815656830,217,7430
819164390,217,7442
832722493,217,7444
833241247,217,7450
831365137,217,7452
815689378,217,7455
838983553,217,7459
833315497,217,7461
793562102,217,7461
848462015,217,7466
838929173,217,7467
886382839,217,7471
140102806,217,7474
829315870,217,7479
886072008,217,7487
138546634,217,7503
832794129,217,7506
824763043,217,7508
827980311,217,7509
801301621,217,7515
790247842,217,7517
830275239,217,7527
812203930,217,7532
885363588,217,7554
863376702,217,7559
844327160,217,7563
822664611,217,7564
871776589,217,7568
865483323,217,7576
820228915,217,7577
141248583,217,7579
820008630,217,7589
790900645,217,7593
792118100,217,7597
815127484,217,7599
910861084,217,7625
831471120,217,7625
824110847,217,7625
882502591,217,7630
979973787,217,7635
890627614,217,7637
882480825,217,7667
869813959,217,7667
824539165,217,7670
131825197,217,7671
833382245,217,7672
886085661,217,7689
834493448,217,7695
814940580,217,7695
794365061,217,7701
883616844,217,7711
133474698,217,7716
139673120,217,7727
793543360,217,7745
836009867,217,7747
23658380,217,7750
816446658,217,7753
137953322,217,7772
23277152,217,7788
890342676,217,7816
871760931,217,7819
835055404,217,7829
164039590,217,7829
825666524,217,7834
871768750,217,7839
885015047,217,7849
819981825,217,7864
140700544,217,7873
861120368,217,7889
141956284,217,7893
895544709,217,7898
823162565,217,7906
792025818,217,7907
810232258,217,7908
823555271,217,7909
801440443,217,7910
836400981,217,7916
890714375,217,7921
865639226,217,7922
143677024,217,7927
886216271,217,7930
903011896,217,7933
139931936,217,7946
851311117,217,7963
851303154,217,7963
843740595,217,7966
147720128,217,7967
136115038,217,7967
821942834,217,7973
139876975,217,7973
869805984,217,7975
859654943,217,7975
801448827,217,7975
163408640,217,7977
818698992,217,7980
840492412,217,7982
853806076,217,7985
890020230,217,7996
799829111,217,8030
882630998,217,8038
982355832,217,8059
882518251,217,8066
833827749,217,8072
858455175,217,8074
863255085,217,8079
867047605,217,8081
848288336,217,8081
807774864,217,8105
139707061,217,8106
838392234,217,8109
894684651,217,8113
841978869,217,8114
825225605,217,8115
137115825,217,8118
980499369,217,8119
143808688,217,8126
836886536,217,8128
833278732,217,8131
840702909,217,8148
145772589,217,8151
863413208,217,8157
802038321,217,8158
144947214,217,8181
815944055,217,8186
835704682,217,8195
838009229,217,8227
834837928,217,8251
831259745,217,8257
822616489,217,8260
794353385,217,8262
802013430,217,8265
856529193,217,8267
894199574,217,8273
876756402,217,8287
799516047,217,8293
985306295,217,8304
880037566,217,8305
137910001,217,8307
859722793,217,8313
838345433,217,8321
885378231,217,8333
841865311,217,8334
137931229,217,8357
869676564,217,8368
891556826,217,8369
800939090,217,8371
845719919,217,8387
801385064,217,8388
814607012,217,8392
800508858,217,8392
859646546,217,8397
854952021,217,8397
139140551,217,8399
140110280,217,8407
857592381,217,8410
985127438,217,8412
844141173,217,8420
825088923,217,8420
860092310,217,8424
878901723,217,8427
815664260,217,8430
983100020,217,8437
851487758,217,8439
139664678,217,8442
870387471,217,8444
138531018,217,8445
139715167,217,8452
883441379,217,8467
835712877,217,8474
911653880,217,8480
145111870,217,8481
826255897,217,8482
139916171,217,8494
793774244,217,8495
800481227,217,8504
843906473,217,8516
140613835,217,8523
802769222,217,8550
879921519,217,8571
822735574,217,8578
846693533,217,8579
870579428,217,8582
803386873,217,8589
138577122,217,8601
851665940,217,8606
22637949,217,8609
798182481,217,8629
822990145,217,8642
840880037,217,8650
825105119,217,8655
854585627,217,8675
858390578,217,8687
983019610,217,8692
145628290,217,8714
793762531,217,8718
137245820,217,8742
824905816,217,8745
144361651,217,8761
815846580,217,8773
833664265,217,8776
810420549,217,8781
799820318,217,8793
147954589,217,8794
869695791,217,8795
982322744,217,8812
887829244,217,8813
792991900,217,8829
883010387,217,8835
815170523,217,8848
848185635,217,8851
793584346,217,8852
819385944,217,8868
862488581,217,8896
842176542,217,8900
22561361,217,8907
799971717,217,8908
140382352,217,8912
815672690,217,8929
794298262,217,8951
144982041,217,8956
825458661,217,8974
812192870,217,8979
851236739,217,8984
140991309,217,9017
139942550,217,9026
140092823,217,9030
137500543,217,9046
801875423,217,9064
799524340,217,9074
845231960,217,9094
839932607,217,9103
824896712,217,9104
839722615,217,9107
147707801,217,9149
982231525,217,9155
815646552,217,9164
873697299,217,9173
856443362,217,9202
140083619,217,9204
801538778,217,9210
139131341,217,9210
879613292,217,9254
835922571,217,9254
143069124,217,9266
982418463,217,9268
870315458,217,9283
838160068,217,9288
822381401,217,9288
845172281,217,9289
137154153,217,9298
880276952,217,9304
801286366,217,9312
860131890,217,9318
842372016,217,9326
831061580,217,9357
142403430,217,9357
873716360,217,9366
829834386,217,9370
838316945,217,9373
885350236,217,9377
860122497,217,9393
23964375,217,9397
131786943,217,9411
819622125,217,9422
141768171,217,9422
870478828,217,9424
869821626,217,9439
869931219,217,9444
840500394,217,9447
851589783,217,9450
869439992,217,9454
815135083,217,9461
890489455,217,9469
838235584,217,9477
838150585,217,9483
801528710,217,9483
790950293,217,9486
861170603,217,9519
825121134,217,9534
814957043,217,9538
143230208,217,9557
860257159,217,9569
846262072,217,9577
143507145,217,9596
801309136,217,9602
846054385,217,9610
902889328,217,9626
800491635,217,9634
862905061,217,9641
812123845,217,9648
800532017,217,9708
819514835,217,9715
858618904,217,9716
807765136,217,9728
837360845,217,9730
839974842,217,9731
831372589,217,9752
985117683,217,9755
980398529,217,9773
984472020,217,9787
823464570,217,9787
823029591,217,9800
821980528,217,9818
825345892,217,9822
839567028,217,9825
911667583,217,9827
796531348,217,9827
815060985,217,9831
832693952,217,9835
830476929,217,9835
902968119,217,9836
885036619,217,9848
794246775,217,9848
856082836,217,9880
839184808,217,9880
836567285,217,9880
981216649,217,9902
827901749,217,9902
137163451,217,9920
790997454,217,9947
862326912,217,9954
824876108,217,9968
910722401,217,9981
840611242,217,10017
815259119,217,10018
886404395,217,10024
834501143,217,10056
137509589,217,10061
869789280,217,10062
799033478,217,10067
796777005,217,10069
891224678,217,10090
23834870,217,10101
827759802,217,10106
142807179,217,10139
890733852,217,10153
826904309,217,10157
147601449,217,10158
910590907,217,10164
164169781,217,10168
819551286,217,10179
910601071,217,10201
838701009,217,10201
882967397,217,10225
890692601,217,10249
910932068,217,10250
843421219,217,10254
810284011,217,10278
847508420,217,10280
982345543,217,10289
884980089,217,10331
799929491,217,10331
870146552,217,10334
24166203,217,10338
882703881,217,10341
138482613,217,10363
827042908,217,10398
980604280,217,10400
825532741,217,10401
142999170,217,10414
838662486,217,10427
831212841,217,10445
890744005,217,10446
825130668,217,10464
829811479,217,10466
131807336,217,10467
145021756,217,10484
800948964,217,10486
868630750,217,10488
145058772,217,10489
843941954,217,10499
902977955,217,10502
887738626,217,10505
838843860,217,10516
23320641,217,10525
886057447,217,10539
821217331,217,10542
828164185,217,10543
796787074,217,10551
792130781,217,10558
846115310,217,10559
22998742,217,10564
882464907,217,10567
982189368,217,10571
838225012,217,10572
856839627,217,10578
882646102,217,10593
845888328,217,10595
885803601,217,10605
832210270,217,10607
827561224,217,10611
834755588,217,10626
843113461,217,10629
799632436,217,10645
799334405,217,10654
825238319,217,10668
824327716,217,10687
794043525,217,10702
860069678,217,10708
137519650,217,10747
891542995,217,10751
137899243,217,10758
870376710,217,10761
796957286,217,10784
133566085,217,10784
890331876,217,10800
832783320,217,10809
139238491,217,10813
858278123,217,10817
844260115,217,10818
835103334,217,10825
819738408,217,10831
816691191,217,10838
825046426,217,10848
859802945,217,10853
825355714,217,10865
863058135,217,10870
983943850,217,10888
832975152,217,10898
860652822,217,10901
801667048,217,10921
790986532,217,10922
844231602,217,10935
800852570,217,10938
860163027,217,10942
854962679,217,10946
856432404,217,10958
887751983,217,10962
137828614,217,10966
872936975,217,10978
140733338,217,10984
844376448,217,10989
824650188,217,10989
138586264,217,11001
983272594,217,11016
979958881,217,11053
833585783,217,11061
850543844,217,11075
801864344,217,11079
841906183,217,11094
830997154,217,11115
833304381,217,11116
139151754,217,11133
843880750,217,11139
801320984,217,11141
142414914,217,11156
825409946,217,11157
882725223,217,11162
894412303,217,11169
836982161,217,11177
831509999,217,11195
833265968,217,11198
886102387,217,11247
163821244,217,11248
796765743,217,11262
836900723,217,11265
826080402,217,11277
133245915,217,11281
846065935,217,11301
839663736,217,11302
839941710,217,11307
142817318,217,11336
794161994,217,11355
833127768,217,11367
861108982,217,11386
143038016,217,11427
828888542,217,11429
857574597,217,11439
886768490,217,11457
847953396,217,11465
840563021,217,11474
851388742,217,11498
984718322,217,11510
856452564,217,11510
885958698,217,11511
807810643,217,11524
890702850,217,11525
836577165,217,11557
133576869,217,11564
848136013,217,11568
828202446,217,11568
888756466,217,11575
833703289,217,11576
164022190,217,11598
851698007,217,11601
821811286,217,11605
859634935,217,11611
819152772,217,11618
815240701,217,11623
862170595,217,11665
885994073,217,11700
882449133,217,11703
848147581,217,11710
983954738,217,11728
820635769,217,11742
858040035,217,11758
3878837,217,11788
869988191,217,11791
823877658,217,11795
797940314,217,11795
839645513,217,11797
132005579,217,11808
862315102,217,11810
880084569,217,11824
839335964,217,11838
792171314,217,11844
846907486,217,11847
985880303,217,11853
851654077,217,11863
139226627,217,11864
910611272,217,11865
831247875,217,11870
926991419,217,11874
140401900,217,11874
823865773,217,11885
815158500,217,11898
861085713,217,11911
859856273,217,11912
851674546,217,11926
980753061,217,11928
878968846,217,11938
831399048,217,11965
800911559,217,11969
833099748,217,11981
883639404,217,11996
837370575,217,11999
163692402,217,12000
884184965,217,12045
800959450,217,12045
846421166,217,12046
828279573,217,12050
146688328,217,12055
133393443,217,12062
858744296,217,12074
819487219,217,12077
831970146,217,12088
143684951,217,12139
851521434,217,12149
837825296,217,12155
800926934,217,12156
874154241,217,12162
883624555,217,12178
794614404,217,12210
858027823,217,12212
799043545,217,12214
145046553,217,12219
143344484,217,12229
139259347,217,12241
859395265,217,12277
872993272,217,12307
836814634,217,12311
835691351,217,12319
801274044,217,12322
910568890,217,12330
873589579,217,12342
838910132,217,12358
886568719,217,12368
862105364,217,12369
833115386,217,12382
820236492,217,12383
827492510,217,12398
151909750,217,12410
858731877,217,12419
855463603,217,12441
829821945,217,12441
845690207,217,12458
23331166,217,12472
827322549,217,12506
857936594,217,12511
139271588,217,12511
140358838,217,12522
800664751,217,12525
792314830,217,12560
143830065,217,12561
904687973,217,12574
833552013,217,12601
828446336,217,12609
831491518,217,12613
982254139,217,12645
4029053,217,12656
910623137,217,12657
825368914,217,12661
841893513,217,12670
816678018,217,12697
840712254,217,12703
143817359,217,12706
982210326,217,12720
833570804,217,12727
848469481,217,12740
864285595,217,12749
859359670,217,12749
819373195,217,12749
138558911,217,12775
798708492,217,12781
839143962,217,12800
886368517,217,12819
835731668,217,12825
831268985,217,12829
141093252,217,12833
832709657,217,12836
984968159,217,12848
861427092,217,12868
794950636,217,12875
838936640,217,12902
838017646,217,12923
882489665,217,12926
861799616,217,12946
143921253,217,12951
887853746,217,12959
836797252,217,12980
819584898,217,12993
851754050,217,13019
143055820,217,13023
145032906,217,13038
22679486,217,13051
816720674,217,13053
887428899,217,13067
141106085,217,13067
801423006,217,13077
845987187,217,13084
861180122,217,13094
831931604,217,13120
140560039,217,13142
894161848,217,13143
841852155,217,13156
824314541,217,13175
983108457,217,13177
859081014,217,13181
860180934,217,13185
816733727,217,13188
886298338,217,13196
828295190,217,13200
826874498,217,13214
870130452,217,13229
844282932,217,13231
851714261,217,13271
886027136,217,13277
873872494,217,13296
144968715,217,13326
23198055,217,13353
796968070,217,13372
894207847,217,13408
860232690,217,13409
836853772,217,13442
844242537,217,13443
864303125,217,13444
982240680,217,13459
23079818,217,13486
856381700,217,13512
886715420,217,13515
843892919,217,13554
135339054,217,13561
801406683,217,13584
886317067,217,13595
869737721,217,13595
796902017,217,13612
885936093,217,13624
824775250,217,13635
902954479,217,13640
864245998,217,13642
812211462,217,13710
837153742,217,13716
137939586,217,13736
135034674,217,13767
163498416,217,13787
982833571,217,13810
821287026,217,13810
821465209,217,13816
816702029,217,13828
793684441,217,13856
851735112,217,13882
840923564,217,13883
911073741,217,13889
870517090,217,13903
869758097,217,13948
815144544,217,13956
870158727,217,13958
812225172,217,13958
138125870,217,13978
869426010,217,13982
819500853,217,13982
23176557,217,13996
921548254,217,14005
822311520,217,14006
808436255,217,14022
880070506,217,14063
980999769,217,14067
860974330,217,14070
834319040,217,14084
836756662,217,14094
859442215,217,14097
830878768,217,14134
823711438,217,14149
793529203,217,14157
819907399,217,14158
819138575,217,14197
834741381,217,14207
889597490,217,14213
815929823,217,14232
844565074,217,14237
864271341,217,14254
151770428,217,14255
828848840,217,14286
794256623,217,14291
802225611,217,14304
799414512,217,14315
857922275,217,14319
819994270,217,14360
885970209,217,14394
137965361,217,14404
856489665,217,14412
796475461,217,14431
910707945,217,14456
796981442,217,14457
819468854,217,14458
821792800,217,14470
796887545,217,14472
874589435,217,14504
848120763,217,14507
142828654,217,14538
817051010,217,14545
853438037,217,14558
832553788,217,14567
826889741,217,14568
816494799,217,14569
874541110,217,14570
835871370,217,14577
879850702,217,14592
792206884,217,14604
838966520,217,14630
803356146,217,14631
869866277,217,14634
829905260,217,14658
828804706,217,14669
836723689,217,14693
793665714,217,14696
843768521,217,14700
790908238,217,14709
137231111,217,14709
835905419,217,14738
833649515,217,14740
888675295,217,14746
800517250,217,14767
793569563,217,14783
137428490,217,14800
825057562,217,14801
835890607,217,14812
889913373,217,14833
815038892,217,14833
845958456,217,14834
822512802,217,14839
137884400,217,14843
870605014,217,14847
790925200,217,14852
832027520,217,14858
816479938,217,14861
843340711,217,14873
801347702,217,14879
147643667,217,14880
142463149,217,14891
137979765,217,14904
801458170,217,14909
870433582,217,14910
141361064,217,14921
812644188,217,14937
847493480,217,14940
839490952,217,14980
824819142,217,15134
880135159,217,15160
829241143,217,15167
801602667,217,15178
799760774,217,15194
139837757,217,15203
840888687,217,15205
808314319,217,15229
840596010,217,15232
139691826,217,15235
22715532,217,15243
873725726,217,15247
822715091,217,15270
801818360,217,15289
843697621,217,15291
799617145,217,15291
843355584,217,15324
873614621,217,15326
829085969,217,15336
846125869,217,15377
834473207,217,15384
796515935,217,15413
861511703,217,15438
887413457,217,15442
796804799,217,15442
836413120,217,15444
823039391,217,15471
794200756,217,15495
846038860,217,15525
798689660,217,15561
801332125,217,15577
873750923,217,15587
826817709,217,15603
839475344,217,15608
856850205,217,15638
889928206,217,15659
801738968,217,15660
141938774,217,15670
860147351,217,15676
981906865,217,15714
856365955,217,15745
836167272,217,15754
843602300,217,15760
842142300,217,15761
843400318,217,15769
145146140,217,15778
140684747,217,15797
147728095,217,15818
143905415,217,15838
821447521,217,15843
834454086,217,15871
816606799,217,15871
143300670,217,15875
824273231,217,15880
869498719,217,15895
845344948,217,15895
810211543,217,15908
852231072,217,15912
800836653,217,15917
139011214,217,15932
856416470,217,15934
833288408,217,15973
983121634,217,15976
839304200,217,15987
817068618,217,15989
828899971,217,15991
886464787,217,16002
843621250,217,16033
897234431,217,16040
882673724,217,16041
861011128,217,16058
803370777,217,16096
133209115,217,16102
800370113,217,16105
828186326,217,16120
890676468,217,16133
819406281,217,16155
854686949,217,16167
795420790,217,16170
815070816,217,16175
137099647,217,16178
825189482,217,16264
862958252,217,16279
843299011,217,16288
824623120,217,16288
840509841,217,16297
860834913,217,16300
837308631,217,16314
863396890,217,16318
839287857,217,16343
817808371,217,16346
888173347,217,16367
835063233,217,16396
839357784,217,16409
865535143,217,16421
137443468,217,16439
861062933,217,16456
846943727,217,16471
846095591,217,16502
859618424,217,16511
890611095,217,16519
863511644,217,16526
839958300,217,16542
796997101,217,16545
142478040,217,16547
825072363,217,16560
791871225,217,16597
151785974,217,16610
791270629,217,16625
802021695,217,16626
849141910,217,16629
136971629,217,16643
818788658,217,16654
841942843,217,16671
824403829,217,16680
891565195,217,16682
839194688,217,16682
798672968,217,16692
133482414,217,16702
829069217,217,16752
143442428,217,16767
833139135,217,16799
869772478,217,16802
142730327,217,16860
836017614,217,16861
858089326,217,16916
843585348,217,16952
136451866,217,16973
141343071,217,16975
838949542,217,16978
142630329,217,16980
22692537,217,16982
845898923,217,16991
855991219,217,16999
870588010,217,17004
879044813,217,17023
800390348,217,17024
882656695,217,17029
832653048,217,17033
886040413,217,17034
885660983,217,17043
812250423,217,17066
808573573,217,17081
135352615,217,17086
825515633,217,17108
831317580,217,17132
825954579,217,17141
830282766,217,17175
842239887,217,17230
835854131,217,17239
819964563,217,17262
856399195,217,17268
848232435,217,17328
143377567,217,17341
836867214,217,17359
823054862,217,17390
859571472,217,17396
831914203,217,17401
881102975,217,17419
845922628,217,17436
139643560,217,17451
836489256,217,17487
834799379,217,17513
911087630,217,17560
887540614,217,17561
840803424,217,17579
823446978,217,17592
791240518,217,17612
790255359,217,17615
834511199,217,17629
801617845,217,17656
860954418,217,17660
810054739,217,17660
857110933,217,17664
856339920,217,17669
138492976,217,17671
838374371,217,17679
848296417,217,17702
131686013,217,17704
816802554,217,17735
988737747,217,17821
835085505,217,17829
824858268,217,17840
911105190,217,17843
814967689,217,17849
800460388,217,17884
142712436,217,17891
839601369,217,17913
884991135,217,17917
848167688,217,17947
790312070,217,17958
878950876,217,17970
821006732,217,17974
824236178,217,17975
860392275,217,17980
828140125,217,17981
799596699,217,18013
851196980,217,18036
800352062,217,18051
911055689,217,18052
851995947,217,18056
839017848,217,18059
823205741,217,18089
798893041,217,18106
819562725,217,18107
885740120,217,18115
858404920,217,18121
827794104,217,18152
843748561,217,18207
869956068,217,18217
886165663,217,18240
803006271,217,18247
137839580,217,18257
836738382,217,18280
846077236,217,18355
867065346,217,18377
799643081,217,18430
826264379,217,18435
831346701,217,18436
807886387,217,18443
793396482,217,18459
842158061,217,18481
791191017,217,18493
883936348,217,18504
839984573,217,18513
135825762,217,18531
816585116,217,18554
870224460,217,18579
859094195,217,18583
897813292,217,18587
142576151,217,18601
140806054,217,18608
825290502,217,18609
833835821,217,18671
980807401,217,18674
853459507,217,18711
142000015,217,18716
836428564,217,18724
139162887,217,18729
138624768,217,18734
873306827,217,18735
810010610,217,18768
139383482,217,18799
848063822,217,18800
824938149,217,18802
860816090,217,18823
811998684,217,18826
834816980,217,18920
141461432,217,18936
799079835,217,18937
828829883,217,18957
818680027,217,18965
23099676,217,18965
825496650,217,18983
835387989,217,18987
831452120,217,19000
816034183,217,19023
984292283,217,19049
810264954,217,19057
835368922,217,19067
824254153,217,19078
983477075,217,19089
890188710,217,19106
826208019,217,19113
838326318,217,19115
834901525,217,19115
860103228,217,19119
839817587,217,19152
886257047,217,19153
790095737,217,19180
821227873,217,19182
810304504,217,19198
846919333,217,19202
858291617,217,19205
800608630,217,19214
830424865,217,19215
824839023,217,19245
147842755,217,19279
794278020,217,19302
830892902,217,19304
800441077,217,19311
810467028,217,19314
859456312,217,19334
841959514,217,19355
856899300,217,19370
836506743,217,19371
826798278,217,19431
861043496,217,19437
841873645,217,19452
823846279,217,19494
815910299,217,19524
839453735,217,19530
800770890,217,19563
820049048,217,19583
23919157,217,19597
860410255,217,19601
826714149,217,19633
835252405,217,19648
840903892,217,19672
143487400,217,19745
831560196,217,19780
837989440,217,19789
138663346,217,19850
147511382,217,19883
886779947,217,19919
791171078,217,19939
910869772,217,19945
859375313,217,19952
835834164,217,19967
838449394,217,19968
838354335,217,20036
815179371,217,20112
985248955,217,20158
856235337,217,20163
824661177,217,20183
839911997,217,20205
984731206,217,20207
840149993,217,20211
820204409,217,20232
816657782,217,20236
815824885,217,20243
981173163,217,20252
863491365,217,20279
863471048,217,20317
815391617,217,20323
798786386,217,20331
800064993,217,20333
134972509,217,20355
138510647,217,20371
810072399,217,20380
799495650,217,20397
808553174,217,20399
851282736,217,20418
133225217,217,20478
817787872,217,20499
903712693,217,20519
163440201,217,20521
837837451,217,20522
836776709,217,20543
799551456,217,20547
984481807,217,20672
890350492,217,20717
138811485,217,20734
845867588,217,20740
803335370,217,20776
927747790,217,20780
897792491,217,20801
827773299,217,20805
143356713,217,20854
831949290,217,20856
829016927,217,20878
839775036,217,20900
133499116,217,20900
846141246,217,20910
814708317,217,20942
869711965,217,20957
139960840,217,20973
133591612,217,21024
852022561,217,21069
801547988,217,21088
846886385,217,21101
829707473,217,21105
857359928,217,21211
834920640,217,21222
889611703,217,21228
134644609,217,21256
133405505,217,21265
827448738,217,21299
912827179,217,21328
876769678,217,21338
827011157,217,21349
853559963,217,21354
841261847,217,21377
860709809,217,21383
790226454,217,21388
885639591,217,21392
856092716,217,21410
851564370,217,21410
816425237,217,21421
819524550,217,21462
853478218,217,21477
926969912,217,21507
840574495,217,21515
984591455,217,21519
910732382,217,21574
874446529,217,21574
793414941,217,21598
839795936,217,21651
790959779,217,21664
137173371,217,21699
839542704,217,21714
851215016,217,21723
865648393,217,21734
846705205,217,21799
814985538,217,21849
847399971,217,21969
815369645,217,21972
135847845,217,21997
869831065,217,22015
824557757,217,22042
839866368,217,22049
927795484,217,22067
793738194,217,22070
822027960,217,22113
794224615,217,22160
846643180,217,22193
874634703,217,22195
142783013,217,22260
799056782,217,22287
800814351,217,22302
894285845,217,22309
871599704,217,22317
834431761,217,22325
138597265,217,22372
835407229,217,22442
880180561,217,22466
827470037,217,22473
23734047,217,22477
801362581,217,22483
981884360,217,22505
824997152,217,22507
808590654,217,22537
857384876,217,22556
163843105,217,22566
799005140,217,22589
863000821,217,22592
845588400,217,22595
886224859,217,22613
870530993,217,22624
844474787,217,22642
861272604,217,22650
136993734,217,22695
860988400,217,22728
887390605,217,22852
890939754,217,22877
861249719,217,22885
882776815,217,22888
820257708,217,22905
832630120,217,22928
822744152,217,22931
843674684,217,22937
840016353,217,22949
144247458,217,22949
22899950,217,23004
139893142,217,23029
821993580,217,23062
821424375,217,23146
865460169,217,23154
147569151,217,23178
857600791,217,23183
831881905,217,23183
890965587,217,23196
981193415,217,23234
793782739,217,23236
855476044,217,23261
828256284,217,23289
136599766,217,23295
791287254,217,23301
861196902,217,23349
822953850,217,23364
842275677,217,23377
984190481,217,23379
793805975,217,23394
862977418,217,23403
879021399,217,23414
902988457,217,23439
983242739,217,23455
145529314,217,23466
855872413,217,23481
885326689,217,23547
839888417,217,23580
163416617,217,23584
839842770,217,23598
832670342,217,23610
863034488,217,23647
791085175,217,23652
831223286,217,23664
981048817,217,23681
859588868,217,23693
792183158,217,23726
856504077,217,23734
982394659,217,23804
797013646,217,23856
880156702,217,23859
132703072,217,23859
147249844,217,23863
825255042,217,23880
800790453,217,23898
870034382,217,23956
985511610,217,23973
855499305,217,23995
139852960,217,24015
843370908,217,24021
800120519,217,24024
839374193,217,24040
827188839,217,24084
894425890,217,24103
982363891,217,24205
826980389,217,24232
819597891,217,24234
140334602,217,24236
825434404,217,24257
843715990,217,24350
835539132,217,24359
794176392,217,24364
825165066,217,24416
891200246,217,24432
802886683,217,24461
856117724,217,24576
894174991,217,24583
880045871,217,24635
801573053,217,24674
791993867,217,24690
799572003,217,24696
832529088,217,24700
838991012,217,24702
985135850,217,24714
886690688,217,24732
822672175,217,24761
984981007,217,24781
882526317,217,24787
810240166,217,24788
23118641,217,24813
810092779,217,24850
799946616,217,24853
815007387,217,24858
816632914,217,24868
885549021,217,24890
833357316,217,24929
841986983,217,24932
886734389,217,24943
796820241,217,24998
846668471,217,25062
821479025,217,25149
841917277,217,25160
816272297,217,25214
143316573,217,25233
851496197,217,25237
840526138,217,25246
816454687,217,25251
850560420,217,25259
815442745,217,25335
810029378,217,25361
831982234,217,25386
795443291,217,25403
830249834,217,25405
854624433,217,25411
843315299,217,25412
828863126,217,25416
835142831,217,25578
823314401,217,25590
856464074,217,25591
23938754,217,25621
884954420,217,25669
889943865,217,25676
814577227,217,25679
799459815,217,25785
145120351,217,25789
870553617,217,25811
824793327,217,25815
828983726,217,25858
793370617,217,25865
866216437,217,25897
819880932,217,25995
793503193,217,26010
796489892,217,26043
980507488,217,26047
800582510,217,26120
790336606,217,26129
824467335,217,26166
851599233,217,26178
839619282,217,26231
147676043,217,26234
143877192,217,26236
856872930,217,26370
138689003,217,26424
133294549,217,26463
887764493,217,26468
828229805,217,26479
836993338,217,26525
814618802,217,26548
885613035,217,26556
137857837,217,26563
885713516,217,26604
847203641,217,26614
921270283,217,26622
861439960,217,26722
797952109,217,26726
825019659,217,26767
873808079,217,26772
799349743,217,26820
851820881,217,26843
823511269,217,26845
836695522,217,26864
887792621,217,26871
823002684,217,26907
927768570,217,26914
22971825,217,26917
843914989,217,26965
132264760,217,26986
858325393,217,27045
829844849,217,27089
834291906,217,27134
142680160,217,27281
880210199,217,27290
792964601,217,27299
886126228,217,27359
825309111,217,27397
858756370,217,27413
839731722,217,27426
844299632,217,27528
139982720,217,27535
981723151,217,27546
798758806,217,27580
143010415,217,27601
132800072,217,27762
836321497,217,27804
147963383,217,27864
851625411,217,27890
834528828,217,27905
838036450,217,27962
839156762,217,28046
838672913,217,28096
135369701,217,28169
143459195,217,28205
823935400,217,28241
861295254,217,28271
791424098,217,28295
825381597,217,28349
882981986,217,28401
810323702,217,28450
793980300,217,28471
835746859,217,28492
826914466,217,28509
163621969,217,28515
799300701,217,28532
828726112,217,28534
131832868,217,28569
832601544,217,28576
801638463,217,28585
858695334,217,28614
870005735,217,28647
885197863,217,28660
844149593,217,28669
835114159,217,28672
834981835,217,28705
141064544,217,28708
800679769,217,28718
840458637,217,28739
144904005,217,28764
826227132,217,28765
818753486,217,28783
870488252,217,28838
832148234,217,28881
874605814,217,28889
834952936,217,28899
812157218,217,28902
824374903,217,28926
883412452,217,28927
822924919,217,28931
840429696,217,28941
886834442,217,28961
817019494,217,29012
825467635,217,29015
825864574,217,29023
164251807,217,29024
140903035,217,29037
826685090,217,29059
982160242,217,29126
164222673,217,29134
851327751,217,29174
842484714,217,29174
829774583,217,29221
980918383,217,29340
794322093,217,29346
885581290,217,29351
835974993,217,29431
823476722,217,29447
136123005,217,29449
861220251,217,29468
887511078,217,29536
792141758,217,29556
140118687,217,29562
985847123,217,29606
821504873,217,29640
830447279,217,29650
135003484,217,29708
141122267,217,29713
790802316,217,29716
823758427,217,29719
883382719,217,29733
982803744,217,29827
833327414,217,29902
839257857,217,30000
819108522,217,30053
802242830,217,30084
3890625,217,30122
854594302,217,30131
859769405,217,30144
800541725,217,30153
866086155,217,30161
851245723,217,30166
890580914,217,30181
146656694,217,30190
861323525,217,30192
137123943,217,30210
23343638,217,30227
833673041,217,30248
140304320,217,30282
131905523,217,30305
904700547,217,30332
870448492,217,30336
983446718,217,30357
800971878,217,30374
815338412,217,30443
22649017,217,30469
835429671,217,30496
799429264,217,30551
814677746,217,30571
839211370,217,30590
23457198,217,30594
815096799,217,30685
801833649,217,30695
829038460,217,30757
144990997,217,30759
851533583,217,30787
815411940,217,30805
837324945,217,30829
136421033,217,30833
799383613,217,30899
858359661,217,30917
808283387,217,30932
139193200,217,30984
812934273,217,31005
873841487,217,31007
848771024,217,31060
886337000,217,31077
878372749,217,31126
799775968,217,31339
843124090,217,31353
826094579,217,31387
861139168,217,31435
832177115,217,31450
796402214,217,31470
910829605,217,31479
983211239,217,31500
842201039,217,31567
903235455,217,31578
838711210,217,31648
819849273,217,31659
143699906,217,31699
834846179,217,31730
147611607,217,31787
851356925,217,31817
136265130,217,31826
143078390,217,31962
844199639,217,31963
815208466,217,32014
823173689,217,32052
857132111,217,32122
858423041,217,32134
835931825,217,32147
799983875,217,32263
824956951,217,32333
818807641,217,32340
980886031,217,32352
834259554,217,32352
814645350,217,32396
790193826,217,32419
881070493,217,32482
844442170,217,32617
861388666,217,32709
830958088,217,32714
902544340,217,32725
24178607,217,32824
141965243,217,32828
820016219,217,32829
823725587,217,32840
142647309,217,32851
147531265,217,32888
137994669,217,32950
861353717,217,32966
873504440,217,32978
840622675,217,32981
878910150,217,32991
163460722,217,33052
23143454,217,33103
141151980,217,33158
984157322,217,33159
834766214,217,33165
872949891,217,33171
837382574,217,33177
832568355,217,33189
815304219,217,33203
820973517,217,33215
829871938,217,33322
796368843,217,33371
859735947,217,33458
869880911,217,33468
137392651,217,33496
890452317,217,33505
133520016,217,33515
138776843,217,33645
800407372,217,33705
874555680,217,33755
799842982,217,33799
893823964,217,33904
859941889,217,34029
812702943,217,34056
836533201,217,34084
824340735,217,34168
805024399,217,34200
823675462,217,34245
23973772,217,34261
848249763,217,34325
833206830,217,34417
810164270,217,34428
858054896,217,34430
857993376,217,34447
983909396,217,34454
143842626,217,34566
886799866,217,34576
852283665,217,34582
794008771,217,34754
816053206,217,34823
821303186,217,34910
824075919,217,34928
22730775,217,34928
981013836,217,34981
796236240,217,34991
815269137,217,35082
800085326,217,35193
895552607,217,35327
846808840,217,35441
885678026,217,35490
142594752,217,35577
857623974,217,35639
800627844,217,35696
23284940,217,35701
823072252,217,35755
831281814,217,35766
860194119,217,35818
142747187,217,35826
133257196,217,35848
822773410,217,35920
816088029,217,35922
883666209,217,35998
838110566,217,36007
137195070,217,36041
863075014,217,36052
843637283,217,36081
911614867,217,36132
880240671,217,36281
815997816,217,36367
793701651,217,36543
855895894,217,36602
878626335,217,36665
852246984,217,36681
897253240,217,36758
839505932,217,36772
835011781,217,36848
875938494,217,36924
847631395,217,36980
804987329,217,37070
142426070,217,37079
791630970,217,37089
24254213,217,37094
854649844,217,37105
884917284,217,37136
985269113,217,37182
844336133,217,37189
136562569,217,37197
801477014,217,37225
133171886,217,37229
798721565,217,37241
861466682,217,37285
137459907,217,37285
856639395,217,37299
137781610,217,37317
848194486,217,37360
814730299,217,37408
826942975,217,37414
885898635,217,37458
837467270,217,37460
860615339,217,37483
886480789,217,37509
145491759,217,37555
842387919,217,37582
874106837,217,37667
870395915,217,37667
810429330,217,37698
790761452,217,37733
838806052,217,37808
137254562,217,37837
133436784,217,37914
822146348,217,37939
842011915,217,38015
890635251,217,38022
820924033,217,38119
848082622,217,38141
886652543,217,38145
845550183,217,38217
878983179,217,38220
879930090,217,38222
795677419,217,38255
853581317,217,38409
830300557,217,38434
164179949,217,38441
902646418,217,38585
846000271,217,38589
790722701,217,38751
880096393,217,38766
163653615,217,38787
862276182,217,38920
823573779,217,38963
882737841,217,38974
831521194,217,39002
834556733,217,39003
790272974,217,39096
142843192,217,39120
824493501,217,39121
145069261,217,39140
796726581,217,39162
132291746,217,39196
148457331,217,39347
873542761,217,39462
897831879,217,39633
866176695,217,39742
875976737,217,39759
839675038,217,39785
854912218,217,39803
827855710,217,39854
822624749,217,39862
863215212,217,39873
821247055,217,39971
136522584,217,39985
826833312,217,40060
982763683,217,40061
887350481,217,40124
137059482,217,40165
890085738,217,40175
140573181,217,40201
856194977,217,40360
829728578,217,40381
143188698,217,40384
830916618,217,40452
982028004,217,40457
138832304,217,40470
827815187,217,40523
841283913,217,40546
148411717,217,40548
910891421,217,40647
903497644,217,40704
844095906,217,40733
897335783,217,40770
133131113,217,40773
827509645,217,40789
140413774,217,40847
790859789,217,40856
982508301,217,41001
823805250,217,41029
831411013,217,41107
861755078,217,41117
862917128,217,41124
886930751,217,41152
859813798,217,41249
860668534,217,41275
22927448,217,41354
3837443,217,41394
821024706,217,41420
793324590,217,41555
873766510,217,41569
983867820,217,41576
809969002,217,41608
822471159,217,41643
796915629,217,41657
874656898,217,41673
833437574,217,41745
796433684,217,41777
828037128,217,41833
815955885,217,41931
800023055,217,41938
836447288,217,41968
980765407,217,41994
863422666,217,42020
825545959,217,42035
846844281,217,42104
824425139,217,42196
797106406,217,42254
838533092,217,42266
827994835,217,42293
796845239,217,42306
798806717,217,42402
879070592,217,42531
882867997,217,42615
902846702,217,42626
791310555,217,42660
24211431,217,42782
900296694,217,42865
837782393,217,42903
859475646,217,42928
143532637,217,42967
143394908,217,42995
819921557,217,43006
137016429,217,43053
798911147,217,43087
981130017,217,43146
824579799,217,43321
836355135,217,43347
853867276,217,43461
143633548,217,43476
835780293,217,43495
857067383,217,43550
985892156,217,43651
983980622,217,43699
812659125,217,43818
897291881,217,43902
798849119,217,43922
836938136,217,44025
903733212,217,44053
3662462,217,44071
131861437,217,44086
810117629,217,44155
865490899,217,44244
857949105,217,44271
833599902,217,44288
885279421,217,44311
821596787,217,44538
796271231,217,44564
898275227,217,44648
797427081,217,44760
147743913,217,44867
833392662,217,44912
136070021,217,45017
854867149,217,45069
838400343,217,45095
812889115,217,45158
132827834,217,45159
870179289,217,45171
921296905,217,45172
885758235,217,45366
832929303,217,45403
850498143,217,45701
840656292,217,45753
894794638,217,45768
823889453,217,45947
838064412,217,46154
132334774,217,46155
834333124,217,46214
819422436,217,46418
879114418,217,46477
3982547,217,46506
818706972,217,46514
139084806,217,46535
793829369,217,46678
828754646,217,46693
890989502,217,46705
891581877,217,46732
886415361,217,46754
819688950,217,46844
853820185,217,47091
827339673,217,47091
147364686,217,47120
881120394,217,47203
844387437,217,47259
835272055,217,47482
840377092,217,47510
824188628,217,47550
829261618,217,47654
831013921,217,47659
798954262,217,47881
854979388,217,47901
837105708,217,48034
800863508,217,48051
870324741,217,48069
819749239,217,48176
862853136,217,48206
837419063,217,48207
828461197,217,48208
840173531,217,48442
873325562,217,48668
911565772,217,48733
819640105,217,48845
145637004,217,48927
808382269,217,49004
861536211,217,49039
832801635,217,49047
856145866,217,49111
851946796,217,49151
869449559,217,49160
887230875,217,49170
845182726,217,49234
835319537,217,49385
883788383,217,49490
982272907,217,49837
981673181,217,49970
984107170,217,50152
886518539,217,50180
851767069,217,50322
834379338,217,50376
982553327,217,50459
889969541,217,50689
796185550,217,50690
833155934,217,50889
799876781,217,50953
885498052,217,50969
795369757,217,51033
143577782,217,51095
142882312,217,51258
911514450,217,51322
816751230,217,51324
835640026,217,51325
791887822,217,51377
870069718,217,51387
832729937,217,51612
832096607,217,51627
852176793,217,51643
819797415,217,51858
794054227,217,51922
140932072,217,51939
980947723,217,52046
839091735,217,52227
147788780,217,52299
141012166,217,52378
855938771,217,52448
802506835,217,52550
22195615,217,52632
808835278,217,52704
808329548,217,52721
839400741,217,52744
837255818,217,52813
862117733,217,52862
885226523,217,52898
859518574,217,52898
827393947,217,52933
796315795,217,53048
842513888,217,53153
816219106,217,53191
865399910,217,53220
844579311,217,53306
846271649,217,53334
823612742,217,53395
867087571,217,53411
820069637,217,53554
860429856,217,53579
136468839,217,53745
838171210,217,53802
982709731,217,53952
981075886,217,54131
832042378,217,54229
842430472,217,54242
163766962,217,54282
139782500,217,54341
856918670,217,54350
826743729,217,54549
823108007,217,54558
791939199,217,54668
984913358,217,54801
791108827,217,54842
815855353,217,54926
885442979,217,55073
138716469,217,55074
983138242,217,55087
854404594,217,55168
829518249,217,55304
866121295,217,55400
902898954,217,55525
818621075,217,55529
845489621,217,55694
921562259,217,55752
838854376,217,55756
839035907,217,55828
794106149,217,55845
844813113,217,55847
822325526,217,55875
138879589,217,56188
879865294,217,56225
885386564,217,56415
828083685,217,56440
888699977,217,56489
141882173,217,56601
882910612,217,56785
137539882,217,56999
852043630,217,57459
3925052,217,57495
890028226,217,57512
801677969,217,57534
822867279,217,57640
139027146,217,57660
845804690,217,57714
874173687,217,57743
822809330,217,57949
883558719,217,58125
149082244,217,58228
860557042,217,58297
894840981,217,58726
790034372,217,58750
139723619,217,58881
876017947,217,59022
840821003,217,59034
831727746,217,59145
874315418,217,59161
140622358,217,59227
829325331,217,59324
135762691,217,59345
879977851,217,59715
884120635,217,59798
838473257,217,59835
831585418,217,59859
859662918,217,59875
980826075,217,59956
139583587,217,59973
894624455,217,60196
853499695,217,60268
837862096,217,60284
985540983,217,60426
140148249,217,60635
837928780,217,60660
856679468,217,60665
143239765,217,60905
862336866,217,60923
825893597,217,60982
793441690,217,61503
912765620,217,61559
878403875,217,61586
140744322,217,61732
845360843,217,61807
858628620,217,61888
838245061,217,62062
821534513,217,62274
903173159,217,62296
813256125,217,62318
836038107,217,62351
794969228,217,62365
800708487,217,62403
163704402,217,62560
890125913,217,62797
895589841,217,63133
838742858,217,63194
141185138,217,63445
985783422,217,63701
801754628,217,63732
887280045,217,63874
827916311,217,64000
981394370,217,64051
807822167,217,64220
880415371,217,64269
847421940,217,64505
894221255,217,64590
802272914,217,64647
982847381,217,64895
791353215,217,64975
145552780,217,64981
828915962,217,64995
817544036,217,65004
855807293,217,65120
837628553,217,65203
862781978,217,65392
23211408,217,65451
142933570,217,65600
842306169,217,65847
985717521,217,65901
140010255,217,65915
888280383,217,65974
802158055,217,66053
793599598,217,66116
797039790,217,66616
794372762,217,66691
836100458,217,66814
873629947,217,66939
848314119,217,66951
845422650,217,66971
856272910,217,67010
23852084,217,67073
824118472,217,67077
852103203,217,67080
799233614,217,67087
910636341,217,67241
886863403,217,67348
819036915,217,67511
133325818,217,67625
844497429,217,67645
814772914,217,67658
22570268,217,67681
833483696,217,67729
138216718,217,67820
834669459,217,67898
848611437,217,67910
23666130,217,67917
921480318,217,67936
888768041,217,68284
882799703,217,68294
817084607,217,68350
810352152,217,68397
148121022,217,68490
848802084,217,68618
829101305,217,68686
827690713,217,69089
887441966,217,69112
816514052,217,69168
902577065,217,69353
856008218,217,69623
131935828,217,69751
869600460,217,69752
134902366,217,70143
886582322,217,70221
23009306,217,70512
834188852,217,70702
980533535,217,70745
826132258,217,70949
882558390,217,71062
829169991,217,71152
903094863,217,71363
870243980,217,71478
983028302,217,71718
874374579,217,71950
23762834,217,72036
854703116,217,72229
139402281,217,72370
825594001,217,72523
874468103,217,73007
132726931,217,73141
798102079,217,73407
860483435,217,73607
840724957,217,73646
23504467,217,73686
859868185,217,73704
834595736,217,73723
23578153,217,73936
845730216,217,74474
890759454,217,74494
131703717,217,74540
848381070,217,74641
892070485,217,74884
822394482,217,74968
903019829,217,75034
825674358,217,75256
138935777,217,75437
910753956,217,75649
134665865,217,75760
845610995,217,76262
890498924,217,76503
835563491,217,76535
138139848,217,76870
23380244,217,76954
832446195,217,76965
143731605,217,77083
802429673,217,77162
832851972,217,77331
846731308,217,77532
892145369,217,77694
791007401,217,77774
816938377,217,77819
795599503,217,77916
846960198,217,78041
143110352,217,78346
140824662,217,78373
984213860,217,78423
826282814,217,78674
981315625,217,78726
824681360,217,78744
790114917,217,78909
835460167,217,78965
985314599,217,79023
887866705,217,79052
843034006,217,79455
874027271,217,79566
828646508,217,79604
820285555,217,79691
135990145,217,79876
817824717,217,79887
141381396,217,80036
982427731,217,80570
820647511,217,81029
856746642,217,81102
890371209,217,81108
820123191,217,81218
984024321,217,81273
879531874,217,81418
869518907,217,81553
142494587,217,81564
837020092,217,82067
831645277,217,82469
835169877,217,82528
876672386,217,82570
792034691,217,82691
145685931,217,82800
147166985,217,82859
874947803,217,82942
846433212,217,83102
874231430,217,83988
885814417,217,84218
147082425,217,84560
837167458,217,84870
860731192,217,84898
841324459,217,85299
865551564,217,85633
830338991,217,85874
883702207,217,86176
821338096,217,86279
862397789,217,86527
870898933,217,86558
854775345,217,86800
144274765,217,86886
141256162,217,86909
838575358,217,87128
888189714,217,87139
837693756,217,87147
823223830,217,87191
851400240,217,87518
862188497,217,87685
147866826,217,87763
833007275,217,87893
148323779,217,87938
856979417,217,87966
818948931,217,87984
985160564,217,88391
822527641,217,88848
856543246,217,88887
984502479,217,88976
981226551,217,89074
850585679,217,89132
820834889,217,89144
138027619,217,89298
141777593,217,89511
812268911,217,89770
792224940,217,89890
814840572,217,90080
138385438,217,90294
980408302,217,90753
843783221,217,90813
147273707,217,90979
139484163,217,91002
859978238,217,91440
848679347,217,91677
133612636,217,91711
982068461,217,91781
842049930,217,91854
831789797,217,92108
802337561,217,92112
148498082,217,92172
847964861,217,92201
139290673,217,92809
888080402,217,92945
851847724,217,93284
807904830,217,93687
832345801,217,94050
147411806,217,94301
793876047,217,94593
802911144,217,95127
816123951,217,95155
140208884,217,95436
927003293,217,96048
846324983,217,96183
799661511,217,96191
822050073,217,96275
818522353,217,96775
135400698,217,97289
138287766,217,97672
143940094,217,97795
985935807,217,97796
141480368,217,98391
883837873,217,98475
870619861,217,98585
890841042,217,98712
823970013,217,99569
132164943,217,99817
846162156,217,99916
137292399,217,100252
142018731,217,100588
833726882,217,100867
984616958,217,101364
894692764,217,101874
140454621,217,102089
808450277,217,102582
818845742,217,103189
860851213,217,103205
883451855,217,103446
840046512,217,103481
863111066,217,103806
845241054,217,103894
825976475,217,103927
894308154,217,104149
163512203,217,104976
812017510,217,105133
136152454,217,105231
836590228,217,105294
981922579,217,105425
979984232,217,105616
982603786,217,105945
820728540,217,106349
816824873,217,106630
802049795,217,106758
841742056,217,106926
823339991,217,106987
151802584,217,107166
982912276,217,107334
903267033,217,108151
863268508,217,108194
802777772,217,108911
985005788,217,109439
827212923,217,109626
889802896,217,110477
812967853,217,110502
135874170,217,110966
795031593,217,112226
847518700,217,112695
812531291,217,112897
842574945,217,113123
910942318,217,113371
864318508,217,114669
827571835,217,114688
825749614,217,114960
985601409,217,116112
895029245,217,116557
848482278,217,116784
809435342,217,116836
822188329,217,116937
912647393,217,117738
985393622,217,117988
132380929,217,118930
898155891,217,119336
821822891,217,119943
846523077,217,120103
164047419,217,120463
828325636,217,120700
837505794,217,121302
834067300,217,121552
801151937,217,121737
832220877,217,122211
809553896,217,122229
903375220,217,122424
848870702,217,122989
797978835,217,123244
890207816,217,124060
136296956,217,124077
797149486,217,124918
879160895,217,125106
860266882,217,125393
854459762,217,125865
145997403,217,126430
815696833,217,126581
871628410,217,126748
847826552,217,126844
816297511,217,127726
801885087,217,127860
880286256,217,129115
894899707,217,129538
147991247,217,129775
873172103,217,130002
873374230,217,130210
897099116,217,130411
795468694,217,130809
3706533,217,130910
891234768,217,131327
926838392,217,131520
148189512,217,131615
829573553,217,131806
898472918,217,131829
845040350,217,131931
841409758,217,132404
887947638,217,132764
133704347,217,132961
836188309,217,133188
896958630,217,133417
829384655,217,133594
981750697,217,133663
22765703,217,134247
980618495,217,134566
144372529,217,134649
799098772,217,134842
827053306,217,135533
828509405,217,136046
843162517,217,136494
132027385,217,137558
927422557,217,137605
873885790,217,137881
921342077,217,138241
809295526,217,139816
843955823,217,140083
24587825,217,140222
794631041,217,140314
24291307,217,140403
831070937,217,141904
986315879,217,142683
888352562,217,144066
885053650,217,144213
812744178,217,144937
848996908,217,145002
847674668,217,146641
878465461,217,147091
801003101,217,148836
843436195,217,149153
821066126,217,151205
821641325,217,151475
883030361,217,151722
840225053,217,152039
984751413,217,152287
797274404,217,152677
898319875,217,153043
858463249,217,155655
24431710,217,156115
163865671,217,156519
149442996,217,157481
851036271,217,157526
24008033,217,158170
984311332,217,160688
134741625,217,160741
149600477,217,161052
847038239,217,161122
902685003,217,161699
983283610,217,163108
891036207,217,164039
889637303,217,165593
883954852,217,165783
865681517,217,166210
873005579,217,166524
794439453,217,166706
857407432,217,167165
847230255,217,169716
861585341,217,169737
894449993,217,170410
844868960,217,171390
858106242,217,171881
812358681,217,172610
903538348,217,174345
815470379,217,176173
813079251,217,176874
891366095,217,176900
844632617,217,177548
887558175,217,177904
791452393,217,178577
888496628,217,178667
817609040,217,178832
794771355,217,179281
870718446,217,180487
796541175,217,181594
137598533,217,183077
853619726,217,186350
927560162,217,187628
141578759,217,189412
893634322,217,189642
819175089,217,190742
857164233,217,195695
791671779,217,198668
841542214,217,199842
883182083,217,200636
132499859,217,203213
144037889,217,203897
800144543,217,207519
802559463,217,208911
833854492,217,212808
145783182,217,214221
981458421,217,214760
151922160,217,220055
146435162,217,221532
808613191,217,222087
21971110,217,224505
795144286,217,225471
817904604,217,225740
879623618,217,227084
865847727,217,237922
878663000,217,238723
859119874,217,239796
148590254,217,243838
879286819,217,245055
148835582,217,246662
886971903,217,247166
874698571,217,249232
132872993,217,258120
857659613,217,262662
135497987,217,264704
820365246,217,270523
135054639,217,279323
986033603,217,282276
808001070,217,282317
855523300,217,283993
142119319,217,284111
862497477,217,284369
897871512,217,284379
861812562,217,292802
809676125,217,292877
810486342,217,296799
858783783,217,297231
888836325,217,300490
803024518,217,301232
149140846,217,302150
893857868,217,303980
980089848,217,308681
146123833,217,311329
840949863,217,311984
22248247,217,313114
927099341,217,323216
826361488,217,323602
793000729,217,323861
829919918,217,326051
145161918,217,327265
842688068,217,345938
136623061,217,348568
850674811,217,354604
904331397,217,356576
790362735,217,359966
852318247,217,362495
983496164,217,371656
911123033,217,379900
146700383,217,382042
830486764,217,386570
817152957,217,391079
818130344,217,392009
144507178,217,395456
895145802,217,398907
808887982,217,407544
897376553,217,415938
855027289,217,436314
891628609,217,441876
881167597,217,445565
889136815,217,460623
797471841,217,468473
795715674,217,469876
798191110,217,476289
853910737,217,493857
164280831,217,533248
903791207,217,540190
24728047,217,567104
880479640,217,590853
876076969,217,595417
870985491,217,614213
868005288,217,625462
893007367,217,626955
792327390,217,630045
863528170,217,709275
884206744,217,710540
852680742,217,757295
868641238,217,771237
892223063,217,784094
866242334,217,799138
133837308,217,807301
881613162,217,835971
149761529,217,855491
867140982,217,864306
875030745,217,907749
864433177,217,966733
911677410,217,969983
986458562,217,972535
988755568,217,1052120
150617020,217,1147618
871784157,217,1152818
810783141,217,1215543
813318443,217,1257952
895652974,217,1305656
987431097,217,1306650
849158539,217,1339604
876791016,217,1581733
803395462,217,1591867
898610083,217,1686611
900339964,217,2204376
805058599,217,2706537
107511,217,3554951
921618011,217,5220381
904730879,217,5837621
912848507,217,8421776
152142215,217,11266425
4041709,217,17929401
927817551,217,52141330
25295151,217,106390862
164814079,217,625220293
989807688,217,NA
