NUMBER,EVEN,ODD
799334405,144, 72
858040035,144, 72
816297511,144, 72
801002252,144, 72
831382451,144, 72
812644188,144, 72
883382719,144, 72
829811479,144, 72
984024321,144, 72
847508420,144, 72
822027960,144, 72
810304504,144, 72
143068843,143, 73
869866277,144, 72
852103203,144, 72
839675038,144, 72
869737721,144, 72
853438037,144, 72
801538778,144, 72
862853136,144, 72
910868709,144, 72
139484163,143, 73
839775036,144, 72
838966520,144, 72
856632133,144, 72
22971825,142, 74
801436083,144, 72
134644609,143, 73
852246984,144, 72
131803064,143, 73
892145369,144, 72
819385944,144, 72
837020092,144, 72
861511703,144, 72
983138242,144, 72
878465461,144, 72
867047605,144, 72
894423472,144, 72
833649515,144, 72
840555069,144, 72
829803804,144, 72
812122643,144, 72
827509645,144, 72
820251741,144, 72
140724825,143, 73
839091735,144, 72
824887356,144, 72
815685111,144, 72
143940094,143, 73
839714823,144, 72
872947953,144, 72
144037889,143, 73
136257685,143, 73
827504908,144, 72
827773299,144, 72
828184595,144, 72
834952936,144, 72
152142215,143, 73
840014833,144, 72
835744493,144, 72
823612742,144, 72
842569717,144, 72
874656898,144, 72
875030745,144, 72
839354478,144, 72
148189512,143, 73
886759332,144, 72
866116316,144, 72
144904005,143, 73
164047419,143, 73
147991247,143, 73
148498082,143, 73
135985136,143, 73
910722401,144, 72
135497987,143, 73
805058599,144, 72
835890607,144, 72
885814417,144, 72
830249834,144, 72
790330028,144, 72
857164233,144, 72
885610641,144, 72
815369022,144, 72
838326318,144, 72
808450277,144, 72
794270914,144, 72
135825518,143, 73
837693756,144, 72
839731722,144, 72
836931704,144, 72
873872494,144, 72
827339673,144, 72
819174961,144, 72
790908238,144, 72
895544709,144, 72
808553174,144, 72
827815187,144, 72
141461432,143, 73
838017646,144, 72
816446658,144, 72
839035907,144, 72
798849119,144, 72
836590228,144, 72
793554953,144, 72
886286769,144, 72
886368077,144, 72
841283913,144, 72
796957286,144, 72
848167688,144, 72
832007804,144, 72
831246950,144, 72
795369757,144, 72
830338991,144, 72
814767707,144, 72
856504077,144, 72
890702850,144, 72
863072435,144, 72
845898923,144, 72
885363588,144, 72
848482221,144, 72
139643560,143, 73
833000476,144, 72
890028226,144, 72
860709809,144, 72
812965278,144, 72
887840778,144, 72
848185635,144, 72
862117733,144, 72
890342676,144, 72
836577165,144, 72
859407542,144, 72
824555007,144, 72
823670321,144, 72
814985538,144, 72
852228436,144, 72
858089326,144, 72
23504467,142, 74
856829050,144, 72
801423006,144, 72
903375220,144, 72
821300964,144, 72
827011157,144, 72
863421365,144, 72
812201849,144, 72
837825296,144, 72
845422650,144, 72
870372810,144, 72
888352562,144, 72
826227132,144, 72
841283224,144, 72
818845742,144, 72
139162887,143, 73
821463364,144, 72
810467028,144, 72
144947214,143, 73
132334774,143, 73
819514835,144, 72
863491365,144, 72
837467270,144, 72
793782739,144, 72
790722701,144, 72
23658380,142, 74
884991135,144, 72
827987820,144, 72
865535143,144, 72
886224331,144, 72
825141132,144, 72
823711438,144, 72
910582950,144, 72
840621259,144, 72
842268253,144, 72
853867276,144, 72
844260115,144, 72
796915629,144, 72
814618802,144, 72
835974993,144, 72
834816892,144, 72
140721474,143, 73
839660298,144, 72
825149680,144, 72
833115386,144, 72
869449446,144, 72
864316569,144, 72
885936093,144, 72
865457751,144, 72
143442428,143, 73
842430472,144, 72
824922473,144, 72
143516741,143, 73
825366579,144, 72
815664260,144, 72
801396535,144, 72
842425501,144, 72
812186120,144, 72
851400240,144, 72
890331876,144, 72
985783422,144, 72
791233758,144, 72
851695244,144, 72
812243478,144, 72
823666137,144, 72
864240344,144, 72
882480825,144, 72
985314599,144, 72
147506107,143, 73
870243980,144, 72
869979886,144, 72
886102387,144, 72
885949717,144, 72
828078961,144, 72
138656024,143, 73
133245915,143, 73
839866368,144, 72
139707061,143, 73
860229937,144, 72
799055759,144, 72
887413457,144, 72
844813113,144, 72
872990273,144, 72
139836841,143, 73
164169781,143, 73
142647309,143, 73
815824885,144, 72
790900645,144, 72
794297322,144, 72
874149216,144, 72
801522451,144, 72
835114159,144, 72
24728047,142, 74
792018557,144, 72
839017848,144, 72
136296956,143, 73
843618060,144, 72
911667583,144, 72
822021836,144, 72
856117085,144, 72
876754956,144, 72
832443934,144, 72
136971629,143, 73
837780903,144, 72
859978238,144, 72
830476929,144, 72
137426147,143, 73
790034372,144, 72
22968802,142, 74
863468984,144, 72
793593198,144, 72
921270283,144, 72
886382839,144, 72
791870447,144, 72
829518249,144, 72
863069155,144, 72
140622358,143, 73
845181570,144, 72
870387471,144, 72
830957070,144, 72
137839580,143, 73
838345433,144, 72
840526138,144, 72
825458661,144, 72
845687257,144, 72
138492976,143, 73
855027289,144, 72
903791207,144, 72
824905816,144, 72
833155934,144, 72
851946796,144, 72
886733275,144, 72
792141636,144, 72
845728306,144, 72
885954427,144, 72
844334723,144, 72
793665714,144, 72
827770659,144, 72
136264646,143, 73
143230208,143, 73
823799933,144, 72
132017387,143, 73
137596881,143, 73
801448827,144, 72
839795936,144, 72
131807336,143, 73
845360843,144, 72
24587825,142, 74
3878837,141, 75
844565074,144, 72
842257117,144, 72
801735503,144, 72
800948964,144, 72
884197010,144, 72
871768750,144, 72
132499859,143, 73
147963383,143, 73
836017614,144, 72
147842755,143, 73
869946342,144, 72
798721273,144, 72
902889328,144, 72
143677024,143, 73
810232258,144, 72
840509841,144, 72
839722615,144, 72
790845150,144, 72
790945181,144, 72
145161918,143, 73
886021168,144, 72
845888328,144, 72
839836739,144, 72
866216437,144, 72
862917128,144, 72
848166676,144, 72
138663346,143, 73
904730879,144, 72
870530993,144, 72
812017510,144, 72
139271588,143, 73
857993376,144, 72
897289998,144, 72
139723619,143, 73
982231162,144, 72
854459762,144, 72
982342258,144, 72
862847370,144, 72
858291617,144, 72
825217505,144, 72
839932202,144, 72
867057102,144, 72
869861051,144, 72
141480368,143, 73
869914379,144, 72
802225611,144, 72
830874365,144, 72
862182472,144, 72
842185442,144, 72
835169877,144, 72
848600273,144, 72
141256162,143, 73
910589075,144, 72
821424375,144, 72
832210270,144, 72
139226627,143, 73
799533414,144, 72
841261847,144, 72
836756662,144, 72
902646418,144, 72
831061580,144, 72
812152269,144, 72
852318247,144, 72
867083723,144, 72
841742056,144, 72
136451866,143, 73
794609606,144, 72
848135270,144, 72
138935777,143, 73
824374903,144, 72
866085649,144, 72
862484316,144, 72
823846279,144, 72
890841042,144, 72
827322549,144, 72
810072399,144, 72
911509461,144, 72
893857868,144, 72
886113634,144, 72
163408640,143, 73
833854492,144, 72
859432044,144, 72
144361651,143, 73
865647148,144, 72
791209881,144, 72
868630750,144, 72
982203094,144, 72
23099676,142, 74
839759148,144, 72
894899707,144, 72
980614680,144, 72
836533201,144, 72
888189714,144, 72
887790961,144, 72
876672386,144, 72
135054639,143, 73
802777772,144, 72
982763683,144, 72
910707945,144, 72
835703670,144, 72
142712436,143, 73
861085713,144, 72
810117629,144, 72
827895564,144, 72
984729832,144, 72
819640105,144, 72
790854526,144, 72
133591612,143, 73
838922544,144, 72
887751983,144, 72
813079251,144, 72
140371360,143, 73
858399265,144, 72
143697090,143, 73
133321012,143, 73
141578759,143, 73
815135083,144, 72
827993174,144, 72
796236240,144, 72
840937447,144, 72
883666209,144, 72
880237489,144, 72
815096799,144, 72
816691191,144, 72
141248583,143, 73
801393452,144, 72
886083514,144, 72
872983062,144, 72
148452265,143, 73
846523077,144, 72
898604747,144, 72
886292136,144, 72
854867149,144, 72
844149593,144, 72
794606159,144, 72
844136639,144, 72
979958881,144, 72
147643394,143, 73
828980957,144, 72
869805984,144, 72
851691997,144, 72
830444080,144, 72
799459815,144, 72
839453485,144, 72
881120394,144, 72
894221255,144, 72
801456802,144, 72
831585418,144, 72
800064993,144, 72
878944540,144, 72
807998517,144, 72
143069124,143, 73
845610995,144, 72
793551689,144, 72
835103334,144, 72
838392234,144, 72
828202446,144, 72
828509405,144, 72
874947803,144, 72
136522584,143, 73
897253240,144, 72
131780070,143, 73
799002143,144, 72
843891889,144, 72
832024884,144, 72
142630329,143, 73
133405505,143, 73
815170398,144, 72
860247952,144, 72
893634322,144, 72
800575189,144, 72
846665373,144, 72
839473265,144, 72
836814634,144, 72
138482613,143, 73
164167882,143, 73
897234431,144, 72
163821244,143, 73
890965587,144, 72
793584346,144, 72
983909396,144, 72
23095437,142, 74
822305266,144, 72
836398482,144, 72
910581220,144, 72
826798278,144, 72
829101305,144, 72
897813292,144, 72
802429673,144, 72
897831879,144, 72
164222673,143, 73
837504730,144, 72
862276182,144, 72
886480789,144, 72
882736385,144, 72
139288566,143, 73
869821626,144, 72
821976833,144, 72
821966189,144, 72
858726593,144, 72
843621250,144, 72
859475646,144, 72
23487792,142, 74
841893097,144, 72
828295190,144, 72
163692402,143, 73
827470037,144, 72
869676564,144, 72
927768570,144, 72
817017051,144, 72
145617761,143, 73
889597438,144, 72
825427711,144, 72
803395462,144, 72
825749614,144, 72
801406683,144, 72
887511078,144, 72
883441379,144, 72
848996908,144, 72
887390605,144, 72
861323525,144, 72
832986050,144, 72
879865294,144, 72
144955395,143, 73
815470379,144, 72
835252405,144, 72
791108827,144, 72
844497429,144, 72
801274044,144, 72
139256381,143, 73
894449993,144, 72
138643502,143, 73
886120646,144, 72
857407432,144, 72
141867939,143, 73
869514614,144, 72
843906473,144, 72
845940455,144, 72
815929823,144, 72
882488492,144, 72
869974285,144, 72
827212923,144, 72
824920440,144, 72
816746915,144, 72
887763279,144, 72
886153587,144, 72
833111729,144, 72
801818360,144, 72
885740120,144, 72
140613382,143, 73
839958300,144, 72
860086694,144, 72
846643180,144, 72
858320418,144, 72
798708492,144, 72
825496650,144, 72
869931219,144, 72
141879338,143, 73
810010610,144, 72
886368517,144, 72
886005773,144, 72
861439960,144, 72
883954852,144, 72
886126228,144, 72
137823814,143, 73
142747187,143, 73
801286366,144, 72
815060985,144, 72
861585341,144, 72
886728935,144, 72
861196902,144, 72
833389917,144, 72
824649010,144, 72
22765703,142, 74
894174991,144, 72
886165663,144, 72
140092823,143, 73
134992864,143, 73
852283665,144, 72
882502591,144, 72
879623618,144, 72
981072498,144, 72
791887822,144, 72
886581087,144, 72
833835821,144, 72
828223323,144, 72
890188710,144, 72
856639395,144, 72
790950293,144, 72
791220967,144, 72
815007387,144, 72
841409758,144, 72
856452564,144, 72
794626614,144, 72
837308631,144, 72
801520172,144, 72
983028302,144, 72
824110847,144, 72
827550642,144, 72
836489256,144, 72
830878768,144, 72
827386764,144, 72
803335370,144, 72
147564723,143, 73
856432404,144, 72
837360845,144, 72
861799616,144, 72
139131341,143, 73
836927765,144, 72
837255818,144, 72
846808840,144, 72
831070937,144, 72
808001070,144, 72
830913024,144, 72
851533583,144, 72
135990145,143, 73
142412787,143, 73
832568355,144, 72
815144544,144, 72
851674546,144, 72
800677276,144, 72
982508301,144, 72
801514239,144, 72
131861437,143, 73
831579976,144, 72
832017197,144, 72
859571472,144, 72
857132111,144, 72
799775968,144, 72
927795484,144, 72
846727004,144, 72
148321127,143, 73
860180934,144, 72
133555807,143, 73
852231072,144, 72
855463603,144, 72
843370908,144, 72
880276952,144, 72
871628410,144, 72
845709127,144, 72
831259745,144, 72
142807179,143, 73
802013430,144, 72
819597891,144, 72
144902634,143, 73
839398233,144, 72
815208466,144, 72
139982720,143, 73
898610083,144, 72
163493774,143, 73
984906710,144, 72
136152454,143, 73
888496628,144, 72
147596715,143, 73
822527641,144, 72
865483323,144, 72
141882173,143, 73
139886859,143, 73
911653880,144, 72
803331222,144, 72
832630120,144, 72
145624429,143, 73
140358838,143, 73
885009052,144, 72
886083256,144, 72
885030607,144, 72
790940052,144, 72
981193415,144, 72
870156886,144, 72
840821003,144, 72
794224615,144, 72
828256284,144, 72
835055306,144, 72
816219106,144, 72
824760104,144, 72
819524550,144, 72
134741625,143, 73
142843192,143, 73
815304219,144, 72
819981825,144, 72
833322958,144, 72
836004424,144, 72
23756524,142, 74
800489731,144, 72
886779947,144, 72
133588433,143, 73
821811286,144, 72
816034183,144, 72
829256310,144, 72
886212717,144, 72
820248875,144, 72
825954579,144, 72
861180122,144, 72
828899971,144, 72
848455711,144, 72
839837806,144, 72
148457331,143, 73
861295254,144, 72
829768959,144, 72
835640026,144, 72
794322093,144, 72
860232690,144, 72
888695043,144, 72
861812562,144, 72
843740595,144, 72
882460836,144, 72
878616384,144, 72
869988191,144, 72
792327390,144, 72
887749131,144, 72
799005140,144, 72
807803934,144, 72
139249304,143, 73
865459833,144, 72
851714261,144, 72
860100734,144, 72
136421033,143, 73
840563021,144, 72
859413744,144, 72
791630970,144, 72
884184965,144, 72
825057562,144, 72
837355774,144, 72
835931825,144, 72
825121134,144, 72
822730361,144, 72
863528170,144, 72
902954479,144, 72
139190095,143, 73
800663540,144, 72
793976642,144, 72
887348283,144, 72
845730216,144, 72
886331177,144, 72
847203641,144, 72
862974531,144, 72
140148249,143, 73
829705359,144, 72
863396890,144, 72
840008501,144, 72
141064544,143, 73
851653301,144, 72
983137610,144, 72
132291746,143, 73
141965243,143, 73
140560039,143, 73
816606799,144, 72
873608059,144, 72
792117382,144, 72
132330942,143, 73
836826945,144, 72
3662462,141, 75
839453735,144, 72
857586036,144, 72
824995675,144, 72
886183903,144, 72
832653048,144, 72
839287857,144, 72
800441077,144, 72
870034382,144, 72
842688068,144, 72
833206823,144, 72
866086155,144, 72
133499116,143, 73
801547988,144, 72
138716469,143, 73
851564370,144, 72
107511,139, 77
140378804,143, 73
870127704,144, 72
886163522,144, 72
824420509,144, 72
810420549,144, 72
812250423,144, 72
139893142,143, 73
136599766,143, 73
882977622,144, 72
836722386,144, 72
825158341,144, 72
151784683,143, 73
131832868,143, 73
801617845,144, 72
137531724,143, 73
147664836,143, 73
983121634,144, 72
142463149,143, 73
840702045,144, 72
845958456,144, 72
802038321,144, 72
869419732,144, 72
829085969,144, 72
894620403,144, 72
859424691,144, 72
832987889,144, 72
790839165,144, 72
854973625,144, 72
837102159,144, 72
861108982,144, 72
860834913,144, 72
833127768,144, 72
869711965,144, 72
838533092,144, 72
799927734,144, 72
145108401,143, 73
132334034,143, 73
985717521,144, 72
912765131,144, 72
807774864,144, 72
821807270,144, 72
799817415,144, 72
894308154,144, 72
815369645,144, 72
790095455,144, 72
812137363,144, 72
984481807,144, 72
894692764,144, 72
983193329,144, 72
886330662,144, 72
23276859,142, 74
833315497,144, 72
845987187,144, 72
839143962,144, 72
800863508,144, 72
885660983,144, 72
985540983,144, 72
797148660,144, 72
823889453,144, 72
891234768,144, 72
862315102,144, 72
849141910,144, 72
885985518,144, 72
801754628,144, 72
823796218,144, 72
139284099,143, 73
840173531,144, 72
814948275,144, 72
824310476,144, 72
875976737,144, 72
836775986,144, 72
884200932,144, 72
902968119,144, 72
883024745,144, 72
859375313,144, 72
816494799,144, 72
862336866,144, 72
794950636,144, 72
825593234,144, 72
143830065,143, 73
832801635,144, 72
863075014,144, 72
833000890,144, 72
834981835,144, 72
853457186,144, 72
833583531,144, 72
858723948,144, 72
856975945,144, 72
880210199,144, 72
838473257,144, 72
835085505,144, 72
140681585,143, 73
887738626,144, 72
837415751,144, 72
133474698,143, 73
141343071,143, 73
851245723,144, 72
843952453,144, 72
895652974,144, 72
859735352,144, 72
859442215,144, 72
860147351,144, 72
138545459,143, 73
838983553,144, 72
138597265,143, 73
844141173,144, 72
872936975,144, 72
827571835,144, 72
838225012,144, 72
836567285,144, 72
24254213,142, 74
820224641,144, 72
860410255,144, 72
846516314,144, 72
833552013,144, 72
844095906,144, 72
825046426,144, 72
828083685,144, 72
833357316,144, 72
139287218,143, 73
825100470,144, 72
862976787,144, 72
859731106,144, 72
139664678,143, 73
828983726,144, 72
890692601,144, 72
133426770,143, 73
798102079,144, 72
163653615,143, 73
844186526,144, 72
138832304,143, 73
815127484,144, 72
862977418,144, 72
799980625,144, 72
886317067,144, 72
790802316,144, 72
164251807,143, 73
871599704,144, 72
833259817,144, 72
844242537,144, 72
873838096,144, 72
861755078,144, 72
856077841,144, 72
884205095,144, 72
872949891,144, 72
821217331,144, 72
843674684,144, 72
856464074,144, 72
858618904,144, 72
836005992,144, 72
833585783,144, 72
840946841,144, 72
135869842,143, 73
147728095,143, 73
799939822,144, 72
793876047,144, 72
869940663,144, 72
911677410,144, 72
163416617,143, 73
851193797,144, 72
141871744,143, 73
858051793,144, 72
879021399,144, 72
870579428,144, 72
894199574,144, 72
143009584,143, 73
824886076,144, 72
980089848,144, 72
793829369,144, 72
831334712,144, 72
826255897,144, 72
790986532,144, 72
793569563,144, 72
792033725,144, 72
831399048,144, 72
821024706,144, 72
791171078,144, 72
861536211,144, 72
869670212,144, 72
827911651,144, 72
147743913,143, 73
837628553,144, 72
886119484,144, 72
791209510,144, 72
860131890,144, 72
825290502,144, 72
794969228,144, 72
894161848,144, 72
885442979,144, 72
861466682,144, 72
138558582,143, 73
834886744,144, 72
881070493,144, 72
133393443,143, 73
834528828,144, 72
148590254,143, 73
983199205,144, 72
834741381,144, 72
815093264,144, 72
814645350,144, 72
869772045,144, 72
839184808,144, 72
890580914,144, 72
831911568,144, 72
911055689,144, 72
137173371,143, 73
839888417,144, 72
800608630,144, 72
982603786,144, 72
826685090,144, 72
819989689,144, 72
883555301,144, 72
844327160,144, 72
801401069,144, 72
133131113,143, 73
886463267,144, 72
884206453,144, 72
798672191,144, 72
832722493,144, 72
874149302,144, 72
888690041,144, 72
791265100,144, 72
851686472,144, 72
825355714,144, 72
886257047,144, 72
824289111,144, 72
22646558,142, 74
794311036,144, 72
854594302,144, 72
982803744,144, 72
799383613,144, 72
135339054,143, 73
149761529,143, 73
848232435,144, 72
23919157,142, 74
796368843,144, 72
887846909,144, 72
863058135,144, 72
840490230,144, 72
880135159,144, 72
843034006,144, 72
826873372,144, 72
796845239,144, 72
843585348,144, 72
799807307,144, 72
890635251,144, 72
819499296,144, 72
836832245,144, 72
845344948,144, 72
837857973,144, 72
886216271,144, 72
138546634,143, 73
825238319,144, 72
147601449,143, 73
831560196,144, 72
838469362,144, 72
815038780,144, 72
825594001,144, 72
808382269,144, 72
141381396,143, 73
149082244,143, 73
839490952,144, 72
882691735,144, 72
793324590,144, 72
792025818,144, 72
815656830,144, 72
822146348,144, 72
824338403,144, 72
848870702,144, 72
142828654,143, 73
824425139,144, 72
818706972,144, 72
876791016,144, 72
982418463,144, 72
911087630,144, 72
893007367,144, 72
139151754,143, 73
827901749,144, 72
887736079,144, 72
826980389,144, 72
980764989,144, 72
890498924,144, 72
794353385,144, 72
831372589,144, 72
812187947,144, 72
927099341,144, 72
871776589,144, 72
862184946,144, 72
842011915,144, 72
791671779,144, 72
903267033,144, 72
828754646,144, 72
24176541,142, 74
911105190,144, 72
793596573,144, 72
844336133,144, 72
845949544,144, 72
790846889,144, 72
983242739,144, 72
836738382,144, 72
800852570,144, 72
815411940,144, 72
843340711,144, 72
845545315,144, 72
837019863,144, 72
822767083,144, 72
794611259,144, 72
859799549,144, 72
792125697,144, 72
819487219,144, 72
138120153,143, 73
863111066,144, 72
137979765,143, 73
886834442,144, 72
790312070,144, 72
848314119,144, 72
858325393,144, 72
862326912,144, 72
133482414,143, 73
887853746,144, 72
801320984,144, 72
833304381,144, 72
801347702,144, 72
848599062,144, 72
829315870,144, 72
799414512,144, 72
23176557,142, 74
982332123,144, 72
145772589,143, 73
147531265,143, 73
851820881,144, 72
794631041,144, 72
843155443,144, 72
825105119,144, 72
825278922,144, 72
862187304,144, 72
133576869,143, 73
833139135,144, 72
834454086,144, 72
838313711,144, 72
851275889,144, 72
843715990,144, 72
843697621,144, 72
858027823,144, 72
820647511,144, 72
873885790,144, 72
848057062,144, 72
836828505,144, 72
141768171,143, 73
138284538,143, 73
833479319,144, 72
140903035,143, 73
983446718,144, 72
831411013,144, 72
820973517,144, 72
862488581,144, 72
859119874,144, 72
817824717,144, 72
843673364,144, 72
910611272,144, 72
823788506,144, 72
860122497,144, 72
822021393,144, 72
147411806,143, 73
886040413,144, 72
838374371,144, 72
799376563,144, 72
812702943,144, 72
801738968,144, 72
874541110,144, 72
821990346,144, 72
890611095,144, 72
140102806,143, 73
809553896,144, 72
879531874,144, 72
828186326,144, 72
826889741,144, 72
864285595,144, 72
834816980,144, 72
851319080,144, 72
839241960,144, 72
887819492,144, 72
815944055,144, 72
138125870,143, 73
794224541,144, 72
829309593,144, 72
838445438,144, 72
794310510,144, 72
814772914,144, 72
828822453,144, 72
809295526,144, 72
910623137,144, 72
865675745,144, 72
828446336,144, 72
824421015,144, 72
981075886,144, 72
983108457,144, 72
857067383,144, 72
138531018,143, 73
834889479,144, 72
790095737,144, 72
143921253,143, 73
809676125,144, 72
848082622,144, 72
873601921,144, 72
861100545,144, 72
834766214,144, 72
827004621,144, 72
139681006,143, 73
801875423,144, 72
848120763,144, 72
793680410,144, 72
843436195,144, 72
828461197,144, 72
838316945,144, 72
140395182,143, 73
819367361,144, 72
815955885,144, 72
133704347,143, 73
887762945,144, 72
853806076,144, 72
819749239,144, 72
829009584,144, 72
870243039,144, 72
826361488,144, 72
860257159,144, 72
810240166,144, 72
793000729,144, 72
870448492,144, 72
858390578,144, 72
873325562,144, 72
856850205,144, 72
139927374,143, 73
143699906,143, 73
833382245,144, 72
825283101,144, 72
851029415,144, 72
910601071,144, 72
147862034,143, 73
799837141,144, 72
897092047,144, 72
895145802,144, 72
885028993,144, 72
983973744,144, 72
856339920,144, 72
800627844,144, 72
138776843,143, 73
825118069,144, 72
869813959,144, 72
143516830,143, 73
138811485,143, 73
140732261,143, 73
799757702,144, 72
137994669,143, 73
143377567,143, 73
863069005,144, 72
23834870,142, 74
851995947,144, 72
857936594,144, 72
839601369,144, 72
891542995,144, 72
835905419,144, 72
860266728,144, 72
838009229,144, 72
133559212,143, 73
825674358,144, 72
790362735,144, 72
794439453,144, 72
832781549,144, 72
869412475,144, 72
823675462,144, 72
147866826,143, 73
828078962,144, 72
878663000,144, 72
831478745,144, 72
902577065,144, 72
819622125,144, 72
855895894,144, 72
138624768,143, 73
845866269,144, 72
980604280,144, 72
834755588,144, 72
831949290,144, 72
980753061,144, 72
860988400,144, 72
800407372,144, 72
844199639,144, 72
839592525,144, 72
870224460,144, 72
833259441,144, 72
836775896,144, 72
878620460,144, 72
830245969,144, 72
790997454,144, 72
794216251,144, 72
141360046,143, 73
842304702,144, 72
887829244,144, 72
135337133,143, 73
831281814,144, 72
22709519,142, 74
815158500,144, 72
133837308,143, 73
818844192,144, 72
134972509,143, 73
139580838,143, 73
801833649,144, 72
823474357,144, 72
801885087,144, 72
839837603,144, 72
862188497,144, 72
831223286,144, 72
139011214,143, 73
135034674,143, 73
139661011,143, 73
851589783,144, 72
828863126,144, 72
831339041,144, 72
799820318,144, 72
819422436,144, 72
856679468,144, 72
801573053,144, 72
888276853,144, 72
889632931,144, 72
845172281,144, 72
808314319,144, 72
131817803,143, 73
143459195,143, 73
888080402,144, 72
141956284,143, 73
886247472,144, 72
880084569,144, 72
835691351,144, 72
133436784,143, 73
796475461,144, 72
817065555,144, 72
854912218,144, 72
843400318,144, 72
882799703,144, 72
911565772,144, 72
981458421,144, 72
863390791,144, 72
792206884,144, 72
844282468,144, 72
882464907,144, 72
832343088,144, 72
882967397,144, 72
839156762,144, 72
831391124,144, 72
834501143,144, 72
837922380,144, 72
847674668,144, 72
879113123,144, 72
845922628,144, 72
147611607,143, 73
829774583,144, 72
142805273,143, 73
822664611,144, 72
163460722,143, 73
137598533,143, 73
792314830,144, 72
839347802,144, 72
137818927,143, 73
858695334,144, 72
793771249,144, 72
846324983,144, 72
984751413,144, 72
799971717,144, 72
856537460,144, 72
824891299,144, 72
822809330,144, 72
821504873,144, 72
882489586,144, 72
833483696,144, 72
799572003,144, 72
819371374,144, 72
862397789,144, 72
825057274,144, 72
852680742,144, 72
810284011,144, 72
983496164,144, 72
910635794,144, 72
870315458,144, 72
845941849,144, 72
842262919,144, 72
802769222,144, 72
840923564,144, 72
860974330,144, 72
834431761,144, 72
858319153,144, 72
829573553,144, 72
823205741,144, 72
851487758,144, 72
833664265,144, 72
910636341,144, 72
821956228,144, 72
793597621,144, 72
821792800,144, 72
820962152,144, 72
846077236,144, 72
858352438,144, 72
825281724,144, 72
800390348,144, 72
135825762,143, 73
874023671,144, 72
879160895,144, 72
151764638,143, 73
827994835,144, 72
840221973,144, 72
794054227,144, 72
831382341,144, 72
815053725,144, 72
149140472,143, 73
848469481,144, 72
876017947,144, 72
831504131,144, 72
843783221,144, 72
856395212,144, 72
982068461,144, 72
147841079,143, 73
846262072,144, 72
812157218,144, 72
829728578,144, 72
812225172,144, 72
897250471,144, 72
886462170,144, 72
814949818,144, 72
801318738,144, 72
801151937,144, 72
848063822,144, 72
807810643,144, 72
146700383,143, 73
891565195,144, 72
838922490,144, 72
833564614,144, 72
838929173,144, 72
861796195,144, 72
815060159,144, 72
814602906,144, 72
835010540,144, 72
853814061,144, 72
845953887,144, 72
839304200,144, 72
139951576,143, 73
799033478,144, 72
863263164,144, 72
145069261,143, 73
815070816,144, 72
857574597,144, 72
799812737,144, 72
802886683,144, 72
837989440,144, 72
823311021,144, 72
874634703,144, 72
819880932,144, 72
839984573,144, 72
823709707,144, 72
902988457,144, 72
837782393,144, 72
831931604,144, 72
794361647,144, 72
830873334,144, 72
810161784,144, 72
139224184,143, 73
983019610,144, 72
826942975,144, 72
816715857,144, 72
151768250,143, 73
851036271,144, 72
137428490,143, 73
812742699,144, 72
24166203,142, 74
841873645,144, 72
828229805,144, 72
842158061,144, 72
825971720,144, 72
827794104,144, 72
862170595,144, 72
147707801,143, 73
846063995,144, 72
817609040,144, 72
835854131,144, 72
795599503,144, 72
140700544,143, 73
813256125,144, 72
982210326,144, 72
873709220,144, 72
873303641,144, 72
139185123,143, 73
815468080,144, 72
799983875,144, 72
816824873,144, 72
836938136,144, 72
851325648,144, 72
818805312,144, 72
137931073,143, 73
861427092,144, 72
869956068,144, 72
863464686,144, 72
815855353,144, 72
982272907,144, 72
140984011,143, 73
817808371,144, 72
843766768,144, 72
851521434,144, 72
886072008,144, 72
846886385,144, 72
801332125,144, 72
903375184,144, 72
910705103,144, 72
849158539,144, 72
886414419,144, 72
842187220,144, 72
885575252,144, 72
863034488,144, 72
887848620,144, 72
793560956,144, 72
793738194,144, 72
145552780,143, 73
837505794,144, 72
843299011,144, 72
833206830,144, 72
816088029,144, 72
23192259,142, 74
138689003,143, 73
22922954,142, 74
140401900,143, 73
800971495,144, 72
848249763,144, 72
835725836,144, 72
816509368,144, 72
144507178,143, 73
827393947,144, 72
141938774,143, 73
886067986,144, 72
133612636,143, 73
137443468,143, 73
22899950,142, 74
822390689,144, 72
869689989,144, 72
814729259,144, 72
834319040,144, 72
854862145,144, 72
812267489,144, 72
147658547,143, 73
842232606,144, 72
138876607,143, 73
828308390,144, 72
143344484,143, 73
856831187,144, 72
826733782,144, 72
801528710,144, 72
814730299,144, 72
147273707,143, 73
137824357,143, 73
824914561,144, 72
856357589,144, 72
831914203,144, 72
860249903,144, 72
801395360,144, 72
980886031,144, 72
823725587,144, 72
839254260,144, 72
820834889,144, 72
139957302,143, 73
824896712,144, 72
848136013,144, 72
903011896,144, 72
860092310,144, 72
840712254,144, 72
856872930,144, 72
823563180,144, 72
885758235,144, 72
886025634,144, 72
812211462,144, 72
790094829,144, 72
874468103,144, 72
835079629,144, 72
801598798,144, 72
139931226,143, 73
864241397,144, 72
824995263,144, 72
836529699,144, 72
883636733,144, 72
854977824,144, 72
817787872,144, 72
853455413,144, 72
867087571,144, 72
820068631,144, 72
831008269,144, 72
821964619,144, 72
807904830,144, 72
869518907,144, 72
148835582,143, 73
790272974,144, 72
143487400,143, 73
799760774,144, 72
799079835,144, 72
846907486,144, 72
982338938,144, 72
822924919,144, 72
816938377,144, 72
856489665,144, 72
836848842,144, 72
865453130,144, 72
900339559,144, 72
140708417,143, 73
824650019,144, 72
834901525,144, 72
860392275,144, 72
861027186,144, 72
840903892,144, 72
831212841,144, 72
982189368,144, 72
874698571,144, 72
886184934,144, 72
873005579,144, 72
886082455,144, 72
882776815,144, 72
138116917,143, 73
856740133,144, 72
886096545,144, 72
830912206,144, 72
845040350,144, 72
845981495,144, 72
799349743,144, 72
825097343,144, 72
888768041,144, 72
876755223,144, 72
890575427,144, 72
791310555,144, 72
981130017,144, 72
981922579,144, 72
145111870,143, 73
866121295,144, 72
799614712,144, 72
843955823,144, 72
4029053,141, 75
794161994,144, 72
824403829,144, 72
834941862,144, 72
840622675,144, 72
799428827,144, 72
137392651,143, 73
140304320,143, 73
829038460,144, 72
3890625,141, 75
144270407,143, 73
140010255,143, 73
842299054,144, 72
139852960,143, 73
842387919,144, 72
870324741,144, 72
812744178,144, 72
795420790,144, 72
845804690,144, 72
869987057,144, 72
791007401,144, 72
812133493,144, 72
856543246,144, 72
846115310,144, 72
869685973,144, 72
859856273,144, 72
829805875,144, 72
815696833,144, 72
843431473,144, 72
139673120,143, 73
23497185,142, 74
816716695,144, 72
140806054,143, 73
839663736,144, 72
879286001,144, 72
886249891,144, 72
859634935,144, 72
887343919,144, 72
830246421,144, 72
874446529,144, 72
884120635,144, 72
886404395,144, 72
23491470,142, 74
850585679,144, 72
844186890,144, 72
982549302,144, 72
861388666,144, 72
140110280,143, 73
23457198,142, 74
856145866,144, 72
143078390,143, 73
883661993,144, 72
851599233,144, 72
980947723,144, 72
885970209,144, 72
791418190,144, 72
822184287,144, 72
829834386,144, 72
790093122,144, 72
844376448,144, 72
897335783,144, 72
854404594,144, 72
882639036,144, 72
832601544,144, 72
839327824,144, 72
824297119,144, 72
890350492,144, 72
796726581,144, 72
870129410,144, 72
878950876,144, 72
984612974,144, 72
828915962,144, 72
839321058,144, 72
816584922,144, 72
824294981,144, 72
817048506,144, 72
843417941,144, 72
886381530,144, 72
793529203,144, 72
833007275,144, 72
143316545,143, 73
839245402,144, 72
851587021,144, 72
903712693,144, 72
791085175,144, 72
885036619,144, 72
138661817,143, 73
890754451,144, 72
800971878,144, 72
144937248,143, 73
859426076,144, 72
847038239,144, 72
836355135,144, 72
163704402,143, 73
133209115,143, 73
801440443,144, 72
815170523,144, 72
831247875,144, 72
832553788,144, 72
840560362,144, 72
846938535,144, 72
790985782,144, 72
846960198,144, 72
818948931,144, 72
164280831,143, 73
814940580,144, 72
822735574,144, 72
882867997,144, 72
801309136,144, 72
823029591,144, 72
894840406,144, 72
832794129,144, 72
822471159,144, 72
842574945,144, 72
140382352,143, 73
795715674,144, 72
149442996,143, 73
833277166,144, 72
833327414,144, 72
821479025,144, 72
836428564,144, 72
143188698,143, 73
890714375,144, 72
824579799,144, 72
835407229,144, 72
879067806,144, 72
796271231,144, 72
863029424,144, 72
807791690,144, 72
818788658,144, 72
818522353,144, 72
894285845,144, 72
873836909,144, 72
794043525,144, 72
815910279,144, 72
797978835,144, 72
869772478,144, 72
815206265,144, 72
808329548,144, 72
823550551,144, 72
891224678,144, 72
886158223,144, 72
139284418,143, 73
886762629,144, 72
870478828,144, 72
832023732,144, 72
819849273,144, 72
853820185,144, 72
851356925,144, 72
795468694,144, 72
888346357,144, 72
791668059,144, 72
791163669,144, 72
985269113,144, 72
831487827,144, 72
861134021,144, 72
903784442,144, 72
790761452,144, 72
142426070,143, 73
853559963,144, 72
822998787,144, 72
838936640,144, 72
869449559,144, 72
3837443,141, 75
910703582,144, 72
840171485,144, 72
141000720,143, 73
824991709,144, 72
810352152,144, 72
850498143,144, 72
890207816,144, 72
829241143,144, 72
821534513,144, 72
142783013,143, 73
892070485,144, 72
860081418,144, 72
985935807,144, 72
838575358,144, 72
888836325,144, 72
801298416,144, 72
848993691,144, 72
143038016,143, 73
981884360,144, 72
143229082,143, 73
801864344,144, 72
835721351,144, 72
138571686,143, 73
880180561,144, 72
872949294,144, 72
139575165,143, 73
831393602,144, 72
23198055,142, 74
825205746,144, 72
870058338,144, 72
133432487,143, 73
139876975,143, 73
861386683,144, 72
833827749,144, 72
859372419,144, 72
815952241,144, 72
859941889,144, 72
23844971,142, 74
824928238,144, 72
985127438,144, 72
879070592,144, 72
820924033,144, 72
840803424,144, 72
143877192,143, 73
842381342,144, 72
910869772,144, 72
829169991,144, 72
828291623,144, 72
838017456,144, 72
983202391,144, 72
800481227,144, 72
882518251,144, 72
800386218,144, 72
810211543,144, 72
800478963,144, 72
856416463,144, 72
830300557,144, 72
836884573,144, 72
801295934,144, 72
886185333,144, 72
831471120,144, 72
824914883,144, 72
143684951,143, 73
851585780,144, 72
793774244,144, 72
834493448,144, 72
859654943,144, 72
138510647,143, 73
879921519,144, 72
823054862,144, 72
815032245,144, 72
840702909,144, 72
823935400,144, 72
869704586,144, 72
23938754,142, 74
844299632,144, 72
795144286,144, 72
859722793,144, 72
832850682,144, 72
851215016,144, 72
22927448,142, 74
843394929,144, 72
824681360,144, 72
886463520,144, 72
851748994,144, 72
983266194,144, 72
136468839,143, 73
841917277,144, 72
903094863,144, 72
796433684,144, 72
868641238,144, 72
841324459,144, 72
836695522,144, 72
862958252,144, 72
825113774,144, 72
145032906,143, 73
888756466,144, 72
873744171,144, 72
831484835,144, 72
810092779,144, 72
861527141,144, 72
869498719,144, 72
815338412,144, 72
148834092,143, 73
836982161,144, 72
854952021,144, 72
853619726,144, 72
809435342,144, 72
870064426,144, 72
164037405,143, 73
845984611,144, 72
852016633,144, 72
860103228,144, 72
823970013,144, 72
886093350,144, 72
910753956,144, 72
831317580,144, 72
890020230,144, 72
888675295,144, 72
145120351,143, 73
140988027,143, 73
839211370,144, 72
858314095,144, 72
825165066,144, 72
822512802,144, 72
890627614,144, 72
802224108,144, 72
870179289,144, 72
859646546,144, 72
824896424,144, 72
866176695,144, 72
800814351,144, 72
140613835,143, 73
145529314,143, 73
144372529,143, 73
807792027,144, 72
838449394,144, 72
863413208,144, 72
802158055,144, 72
885613035,144, 72
883651400,144, 72
805024399,144, 72
910932068,144, 72
801477014,144, 72
828888542,144, 72
821338096,144, 72
799617145,144, 72
797952109,144, 72
147567259,143, 73
819483312,144, 72
791287254,144, 72
825467635,144, 72
880210194,144, 72
814576395,144, 72
870143681,144, 72
982254139,144, 72
143437903,143, 73
854686949,144, 72
139140551,143, 73
22679486,142, 74
820253463,144, 72
885803601,144, 72
983197334,144, 72
985117683,144, 72
790944940,144, 72
139148950,143, 73
921296905,144, 72
136123005,143, 73
833570804,144, 72
149140846,143, 73
838742858,144, 72
819365831,144, 72
910891421,144, 72
827990612,144, 72
143532637,143, 73
810227451,144, 72
22692537,142, 74
800923528,144, 72
842306169,144, 72
884980089,144, 72
926838392,144, 72
798806717,144, 72
848381070,144, 72
142882312,143, 73
826887712,144, 72
894624455,144, 72
855932496,144, 72
880208469,144, 72
832042378,144, 72
858628620,144, 72
878372749,144, 72
797039790,144, 72
880209274,144, 72
886863403,144, 72
146686884,143, 73
831013921,144, 72
983272594,144, 72
791240518,144, 72
144958707,143, 73
132027385,143, 73
800517250,144, 72
147954589,143, 73
860080386,144, 72
840888687,144, 72
141998071,143, 73
838981150,144, 72
834488591,144, 72
140083619,143, 73
835971958,144, 72
141093252,143, 73
846271649,144, 72
834887526,144, 72
834511199,144, 72
845715459,144, 72
839953017,144, 72
887762997,144, 72
832446195,144, 72
839374193,144, 72
878910150,144, 72
814577227,144, 72
142594752,143, 73
842571368,144, 72
832670081,144, 72
141185138,143, 73
895587934,144, 72
135333962,143, 73
144968715,143, 73
837382574,144, 72
831521194,144, 72
149600477,143, 73
856979417,144, 72
802337561,144, 72
853452595,144, 72
835429671,144, 72
927747790,144, 72
879972233,144, 72
982028004,144, 72
799643081,144, 72
838064412,144, 72
810264954,144, 72
981394351,144, 72
856364549,144, 72
803386873,144, 72
801301621,144, 72
883019222,144, 72
3920747,141, 75
794963511,144, 72
856831774,144, 72
24291307,142, 74
147364686,143, 73
982833571,144, 72
886280996,144, 72
792034691,144, 72
816123951,144, 72
886518298,144, 72
824938149,144, 72
832995261,144, 72
882703881,144, 72
807765136,144, 72
843892828,144, 72
799027729,144, 72
851388742,144, 72
829810306,144, 72
139680847,143, 73
802239915,144, 72
834846179,144, 72
851665940,144, 72
800508858,144, 72
836100458,144, 72
881613162,144, 72
824648766,144, 72
791939199,144, 72
148121022,143, 73
838662486,144, 72
979973787,144, 72
137123943,143, 73
886930751,144, 72
825345892,144, 72
841986983,144, 72
982345543,144, 72
880096393,144, 72
824273231,144, 72
903777265,144, 72
133325818,143, 73
880150319,144, 72
857384876,144, 72
861220251,144, 72
23118641,142, 74
851727532,144, 72
140118687,143, 73
980507488,144, 72
869949827,144, 72
147676043,143, 73
825515633,144, 72
823758427,144, 72
848147581,144, 72
824539165,144, 72
139481034,143, 73
820635769,144, 72
836723689,144, 72
802046479,144, 72
858463249,144, 72
823540068,144, 72
921480318,144, 72
848284088,144, 72
983283610,144, 72
800023055,144, 72
822701774,144, 72
796531348,144, 72
836588722,144, 72
801570933,144, 72
138650584,143, 73
887280045,144, 72
983204558,144, 72
887838057,144, 72
979969934,144, 72
139084806,143, 73
854585627,144, 72
140374193,143, 73
836400981,144, 72
885994073,144, 72
980398529,144, 72
835780293,144, 72
815038892,144, 72
23652089,142, 74
132380929,143, 73
139782500,143, 73
835563491,144, 72
845182726,144, 72
858404920,144, 72
865490899,144, 72
139583587,143, 73
138872774,143, 73
143628877,143, 73
880240671,144, 72
845867588,144, 72
799815420,144, 72
23331166,142, 74
828158106,144, 72
141012166,143, 73
839619282,144, 72
982231525,144, 72
832693952,144, 72
816820289,144, 72
845231960,144, 72
836034475,144, 72
824646082,144, 72
825543142,144, 72
793698297,144, 72
869600460,144, 72
133520016,143, 73
838245061,144, 72
820236492,144, 72
800582510,144, 72
142414914,143, 73
833241247,144, 72
809552178,144, 72
859420771,144, 72
860663723,144, 72
140713278,143, 73
838949542,144, 72
851625411,144, 72
910829605,144, 72
829804600,144, 72
819735794,144, 72
824661177,144, 72
817544036,144, 72
840429696,144, 72
794372762,144, 72
815845128,144, 72
797940314,144, 72
838701009,144, 72
793701651,144, 72
910590907,144, 72
801475341,144, 72
839505932,144, 72
22971393,142, 74
886652543,144, 72
819738408,144, 72
840149993,144, 72
131686013,143, 73
873834851,144, 72
23373865,142, 74
869880911,144, 72
832439851,144, 72
790114917,144, 72
885573911,144, 72
163498416,143, 73
869684932,144, 72
143577782,143, 73
815240701,144, 72
145032240,143, 73
863023413,144, 72
134902366,143, 73
815337422,144, 72
855807293,144, 72
835775351,144, 72
140101853,143, 73
859588868,144, 72
828214014,144, 72
827446880,144, 72
980807401,144, 72
859735947,144, 72
837862096,144, 72
879977851,144, 72
825338872,144, 72
800144543,144, 72
839722053,144, 72
824763043,144, 72
887764381,144, 72
848288336,144, 72
819175089,144, 72
864433177,144, 72
840377092,144, 72
799491127,144, 72
819991452,144, 72
140731169,143, 73
854649844,144, 72
815092512,144, 72
799485600,144, 72
879930090,144, 72
870488252,144, 72
825545959,144, 72
824788885,144, 72
836853772,144, 72
852176793,144, 72
983980622,144, 72
143507145,143, 73
825421103,144, 72
842049930,144, 72
139927796,143, 73
862781846,144, 72
812268911,144, 72
138832219,143, 73
859081014,144, 72
836900723,144, 72
985306295,144, 72
831268002,144, 72
873766510,144, 72
799946616,144, 72
910942318,144, 72
835168409,144, 72
873306827,144, 72
856255500,144, 72
799971469,144, 72
792033883,144, 72
859769405,144, 72
819688950,144, 72
820966968,144, 72
895589841,144, 72
926991419,144, 72
863214872,144, 72
881167597,144, 72
139285007,143, 73
831341996,144, 72
836770756,144, 72
140733338,143, 73
890371209,144, 72
825425718,144, 72
832703787,144, 72
842141784,144, 72
873696886,144, 72
835834164,144, 72
856142300,144, 72
897376553,144, 72
852043630,144, 72
137910001,143, 73
894412303,144, 72
864298344,144, 72
798911147,144, 72
139182296,143, 73
818130344,144, 72
817084607,144, 72
898155891,144, 72
823314401,144, 72
801458170,144, 72
904700547,144, 72
821955717,144, 72
838843860,144, 72
797471841,144, 72
859855047,144, 72
856527811,144, 72
802911144,144, 72
900339964,144, 72
800120519,144, 72
23852084,142, 74
882697047,144, 72
132164943,143, 73
793370617,144, 72
822977214,144, 72
898319875,144, 72
821465209,144, 72
132005579,143, 73
824793327,144, 72
864318508,144, 72
980999769,144, 72
836776709,144, 72
800571878,144, 72
902846702,144, 72
812239130,144, 72
842567041,144, 72
889913373,144, 72
142403430,143, 73
799524340,144, 72
799929491,144, 72
819561465,144, 72
822325526,144, 72
869999982,144, 72
861585250,144, 72
23211408,142, 74
884180433,144, 72
836993338,144, 72
801456927,144, 72
22998742,142, 74
885015047,144, 72
823554673,144, 72
911505898,144, 72
885581290,144, 72
878621150,144, 72
141777593,143, 73
870898933,144, 72
841959514,144, 72
876764689,144, 72
851697261,144, 72
887345121,144, 72
139686694,143, 73
812358681,144, 72
837928780,144, 72
163836760,143, 73
833278732,144, 72
792957435,144, 72
131785643,143, 73
843748561,144, 72
790832032,144, 72
882629452,144, 72
861193216,144, 72
794176392,144, 72
814967689,144, 72
133566085,143, 73
822715091,144, 72
147249844,143, 73
863029270,144, 72
847518700,144, 72
910568500,144, 72
829323349,144, 72
138586264,143, 73
793396482,144, 72
853478218,144, 72
903173159,144, 72
815179371,144, 72
839588707,144, 72
791424098,144, 72
886690688,144, 72
886197083,144, 72
851729863,144, 72
844296163,144, 72
887428899,144, 72
980765407,144, 72
823963641,144, 72
874106837,144, 72
838030569,144, 72
140081521,143, 73
855872413,144, 72
138385438,143, 73
826740376,144, 72
847486445,144, 72
904687973,144, 72
823464570,144, 72
799876781,144, 72
807822167,144, 72
850555350,144, 72
856194977,144, 72
791993867,144, 72
840940970,144, 72
23320641,142, 74
834920640,144, 72
796997101,144, 72
861038634,144, 72
147564153,143, 73
148456799,143, 73
886734389,144, 72
903733212,144, 72
825368914,144, 72
794200756,144, 72
813318443,144, 72
142576151,143, 73
875975418,144, 72
139285024,143, 73
835368922,144, 72
837252328,144, 72
824639408,144, 72
135400698,143, 73
824922859,144, 72
886192492,144, 72
815269137,144, 72
859813798,144, 72
889136815,144, 72
143842626,143, 73
794246775,144, 72
810164270,144, 72
839564418,144, 72
790247842,144, 72
843740340,144, 72
825208207,144, 72
815655716,144, 72
793760264,144, 72
851303154,144, 72
836848404,144, 72
848231846,144, 72
852170283,144, 72
886121904,144, 72
851847724,144, 72
825141141,144, 72
796777005,144, 72
800541725,144, 72
801003101,144, 72
816678018,144, 72
883788383,144, 72
135397870,143, 73
847493480,144, 72
801569076,144, 72
844278985,144, 72
796995899,144, 72
886390310,144, 72
982240680,144, 72
882725223,144, 72
880070506,144, 72
890452317,144, 72
812531291,144, 72
886017560,144, 72
886381336,144, 72
856839627,144, 72
839357784,144, 72
845973290,144, 72
147788780,143, 73
886382228,144, 72
790985186,144, 72
23277152,142, 74
844434696,144, 72
843162517,144, 72
861128257,144, 72
143903428,143, 73
827492510,144, 72
798191110,144, 72
832929303,144, 72
831970146,144, 72
827812256,144, 72
979984232,144, 72
798667399,144, 72
875938494,144, 72
831786891,144, 72
874231430,144, 72
886464787,144, 72
826743729,144, 72
824775250,144, 72
836009867,144, 72
137231111,143, 73
819797415,144, 72
23190553,142, 74
833248697,144, 72
137292399,143, 73
861120368,144, 72
895552607,144, 72
983100020,144, 72
984157322,144, 72
987431097,144, 72
836916682,144, 72
828646508,144, 72
835460167,144, 72
831365137,144, 72
822706921,144, 72
890989502,144, 72
985892156,144, 72
911123033,144, 72
881102975,144, 72
834556733,144, 72
887230875,144, 72
879850702,144, 72
802559463,144, 72
137953322,143, 73
815391617,144, 72
824185549,144, 72
141119152,143, 73
794221955,144, 72
902977955,144, 72
859612561,144, 72
142680160,143, 73
856977801,144, 72
861079389,144, 72
843124090,144, 72
873504440,144, 72
843315299,144, 72
856416470,144, 72
829707473,144, 72
790925200,144, 72
840711057,144, 72
829014827,144, 72
138810488,143, 73
838353754,144, 72
144944839,143, 73
851196980,144, 72
838400343,144, 72
886202873,144, 72
840046512,144, 72
22649017,142, 74
981750697,144, 72
23343638,142, 74
134665865,143, 73
819907399,144, 72
138287766,143, 73
819394812,144, 72
834188852,144, 72
826833312,144, 72
903538348,144, 72
840500394,144, 72
140208884,143, 73
815688096,144, 72
842239887,144, 72
801527865,144, 72
844632617,144, 72
903166226,144, 72
801527944,144, 72
22715532,142, 74
794365061,144, 72
810029378,144, 72
830916618,144, 72
856973020,144, 72
873750923,144, 72
860972078,144, 72
836839459,144, 72
829037805,144, 72
860731192,144, 72
825233720,144, 72
810206082,144, 72
832975152,144, 72
799043545,144, 72
855523300,144, 72
910732382,144, 72
859868185,144, 72
837419063,144, 72
812659125,144, 72
823223830,144, 72
832007620,144, 72
841542162,144, 72
859359670,144, 72
24178607,142, 74
882722031,144, 72
824819142,144, 72
854703116,144, 72
798758806,144, 72
887792621,144, 72
860069678,144, 72
800770890,144, 72
819580832,144, 72
137961094,143, 73
860816090,144, 72
832010068,144, 72
814769219,144, 72
885046467,144, 72
825072363,144, 72
835830004,144, 72
886715420,144, 72
833644190,144, 72
139837757,143, 73
885032345,144, 72
135844293,143, 73
163440201,143, 73
143049443,143, 73
841942437,144, 72
824188628,144, 72
833286863,144, 72
864260171,144, 72
790922947,144, 72
846919333,144, 72
826132258,144, 72
873716360,144, 72
797149486,144, 72
799829111,144, 72
861011128,144, 72
794307213,144, 72
844373322,144, 72
837324945,144, 72
860483435,144, 72
145058772,143, 73
989807688,144, 72
815681619,144, 72
854624433,144, 72
826282814,144, 72
858325269,144, 72
137530397,143, 73
873172103,144, 72
801602667,144, 72
848606525,144, 72
838672913,144, 72
873839082,144, 72
898275227,144, 72
143816814,143, 73
981315625,144, 72
830892902,144, 72
861043496,144, 72
802242830,144, 72
863255085,144, 72
886311534,144, 72
862105364,144, 72
133257196,143, 73
843892919,144, 72
833437574,144, 72
825225605,144, 72
839194688,144, 72
831906377,144, 72
824340735,144, 72
824770551,144, 72
839817587,144, 72
148411717,143, 73
885034927,144, 72
863073058,144, 72
810294289,144, 72
790982629,144, 72
984107170,144, 72
795031593,144, 72
793414941,144, 72
885022896,144, 72
832709657,144, 72
815442745,144, 72
842201039,144, 72
828183044,144, 72
873582223,144, 72
835746859,144, 72
857600791,144, 72
132872993,143, 73
846112093,144, 72
884990420,144, 72
846162156,144, 72
135048441,143, 73
823865773,144, 72
835824249,144, 72
860081632,144, 72
873740973,144, 72
796541175,144, 72
874144504,144, 72
832851972,144, 72
143010415,143, 73
145637004,143, 73
799429264,144, 72
831483981,144, 72
851754050,144, 72
889928206,144, 72
890939754,144, 72
842513888,144, 72
139942550,143, 73
883451855,144, 72
812136833,144, 72
815252324,144, 72
983954738,144, 72
829069217,144, 72
821942834,144, 72
22195615,142, 74
794256623,144, 72
811998684,144, 72
830447279,144, 72
139960840,143, 73
870172685,144, 72
835048629,144, 72
821993580,144, 72
823788146,144, 72
822381401,144, 72
896958630,144, 72
816931503,144, 72
135033192,143, 73
790226454,144, 72
841865311,144, 72
830275239,144, 72
823511269,144, 72
836921770,144, 72
816585116,144, 72
816272297,144, 72
843113461,144, 72
142707441,143, 73
856746642,144, 72
897229527,144, 72
851709608,144, 72
870985491,144, 72
911509666,144, 72
23009306,142, 74
814930652,144, 72
912765620,144, 72
866242334,144, 72
827035655,144, 72
851698007,144, 72
982268995,144, 72
821953130,144, 72
831948941,144, 72
982847381,144, 72
147511382,143, 73
835272055,144, 72
834259554,144, 72
812140993,144, 72
804987329,144, 72
846065935,144, 72
808552859,144, 72
891553746,144, 72
816720674,144, 72
880415371,144, 72
981173163,144, 72
799098772,144, 72
136993734,143, 73
141122267,143, 73
927560162,144, 72
832670342,144, 72
861503967,144, 72
143009740,143, 73
887945757,144, 72
825153390,144, 72
839252640,144, 72
818807641,144, 72
887844696,144, 72
878612552,144, 72
982553327,144, 72
878981242,144, 72
814771173,144, 72
878403875,144, 72
822188329,144, 72
133245695,143, 73
891628609,144, 72
897291881,144, 72
863268508,144, 72
844439677,144, 72
164039590,143, 73
883624555,144, 72
869695791,144, 72
886971903,144, 72
876769678,144, 72
134998518,143, 73
894794638,144, 72
834897791,144, 72
819468854,144, 72
141361064,143, 73
855499305,144, 72
836413120,144, 72
135762691,143, 73
988737747,144, 72
838354335,144, 72
790981443,144, 72
131905523,143, 73
853581317,144, 72
840492412,144, 72
856114412,144, 72
826203207,144, 72
873542761,144, 72
23578153,142, 74
847826552,144, 72
886164055,144, 72
138027619,143, 73
910861084,144, 72
142933570,143, 73
812190692,144, 72
138585723,143, 73
862905061,144, 72
814708317,144, 72
23734047,142, 74
823555271,144, 72
145783182,143, 73
831509999,144, 72
839335964,144, 72
836886536,144, 72
819546012,144, 72
859094195,144, 72
887947638,144, 72
845550183,144, 72
144247458,143, 73
882630998,144, 72
138683196,143, 73
839475344,144, 72
880045871,144, 72
984311332,144, 72
856272910,144, 72
797106406,144, 72
142494587,143, 73
807794200,144, 72
140413774,143, 73
825434404,144, 72
151922160,143, 73
796725806,144, 72
829261618,144, 72
803370777,144, 72
822867279,144, 72
860266882,144, 72
831486425,144, 72
131778257,143, 73
890085738,144, 72
887350481,144, 72
891200246,144, 72
825893597,144, 72
856268931,144, 72
143529217,143, 73
142478040,143, 73
138475732,143, 73
827980311,144, 72
874166403,144, 72
882737841,144, 72
890744005,144, 72
856261934,144, 72
985393622,144, 72
857623974,144, 72
839941710,144, 72
887558175,144, 72
137115825,143, 73
828164185,144, 72
143316573,143, 73
890489455,144, 72
820228915,144, 72
823573779,144, 72
798893041,144, 72
860668534,144, 72
137254562,143, 73
982394659,144, 72
858744296,144, 72
816425237,144, 72
840458637,144, 72
874154241,144, 72
799540596,144, 72
826125966,144, 72
812966073,144, 72
801667048,144, 72
882910612,144, 72
794278020,144, 72
912647393,144, 72
861033928,144, 72
981216649,144, 72
821227873,144, 72
870619861,144, 72
136115038,143, 73
799816569,144, 72
827554874,144, 72
862182260,144, 72
862497477,144, 72
839542704,144, 72
140391264,143, 73
823550036,144, 72
144274765,143, 73
23666130,142, 74
807799904,144, 72
790226245,144, 72
847668375,144, 72
799842982,144, 72
836321497,144, 72
845588400,144, 72
865399910,144, 72
151802584,143, 73
803356146,144, 72
902544340,144, 72
984731206,144, 72
819580955,144, 72
897792491,144, 72
818619128,144, 72
867041472,144, 72
815997816,144, 72
825019659,144, 72
878983179,144, 72
796887545,144, 72
841942843,144, 72
851282736,144, 72
836894664,144, 72
882656695,144, 72
873374230,144, 72
874173687,144, 72
796804799,144, 72
982223046,144, 72
835731668,144, 72
823542249,144, 72
889597490,144, 72
23079818,142, 74
840655656,144, 72
846421166,144, 72
985116159,144, 72
801638463,144, 72
835539132,144, 72
132726931,143, 73
822773410,144, 72
136070021,143, 73
886085661,144, 72
821287026,144, 72
861421375,144, 72
147716950,143, 73
890731110,144, 72
869426010,144, 72
886337000,144, 72
836797252,144, 72
834886770,144, 72
858731877,144, 72
792171314,144, 72
858455175,144, 72
139981813,143, 73
799546953,144, 72
816053206,144, 72
793436539,144, 72
862901342,144, 72
834333124,144, 72
828804706,144, 72
792141758,144, 72
819108522,144, 72
832096607,144, 72
851496197,144, 72
147569151,143, 73
886518539,144, 72
796489892,144, 72
790336606,144, 72
147669668,143, 73
857381139,144, 72
819500853,144, 72
137500543,143, 73
841852155,144, 72
796315795,144, 72
843160356,144, 72
829257390,144, 72
981013836,144, 72
163766962,143, 73
838171210,144, 72
135352615,143, 73
842142300,144, 72
864300105,144, 72
25295151,142, 74
791452393,144, 72
832208565,144, 72
793551105,144, 72
870376710,144, 72
873614621,144, 72
829843756,144, 72
790255359,144, 72
829258837,144, 72
822471118,144, 72
802768374,144, 72
822953850,144, 72
847631395,144, 72
911650999,144, 72
874027271,144, 72
799079069,144, 72
140717752,143, 73
869831065,144, 72
836506743,144, 72
834291906,144, 72
984502479,144, 72
870158727,144, 72
823446978,144, 72
828458945,144, 72
826264379,144, 72
138715427,143, 73
139402281,143, 73
858054896,144, 72
822016642,144, 72
141106085,143, 73
828848840,144, 72
831491518,144, 72
808613191,144, 72
903019829,144, 72
860615339,144, 72
798689660,144, 72
847399971,144, 72
800959450,144, 72
146435162,143, 73
819138575,144, 72
828645451,144, 72
840225053,144, 72
885197863,144, 72
826094579,144, 72
835712877,144, 72
859518574,144, 72
143521715,143, 73
139193200,143, 73
819373195,144, 72
132023843,143, 73
823567157,144, 72
800532017,144, 72
821300836,144, 72
927422557,144, 72
794298262,144, 72
865847727,144, 72
137828614,143, 73
858756370,144, 72
867055686,144, 72
810783141,144, 72
141867104,143, 73
146123833,143, 73
839582040,144, 72
23093304,142, 74
851942580,144, 72
829309272,144, 72
984591455,144, 72
815255294,144, 72
809969002,144, 72
836810232,144, 72
851941008,144, 72
837837451,144, 72
835063233,144, 72
839334269,144, 72
985135850,144, 72
824839023,144, 72
143300670,143, 73
796902017,144, 72
145021756,143, 73
828801339,144, 72
143934204,143, 73
137899243,143, 73
865551564,144, 72
137163451,143, 73
843355584,144, 72
143394908,143, 73
139715167,143, 73
840596010,144, 72
824533409,144, 72
879061836,144, 72
832177115,144, 72
164218390,143, 73
823476722,144, 72
21971110,142, 74
910889717,144, 72
792964601,144, 72
131786943,143, 73
873706472,144, 72
151909750,143, 73
864317103,144, 72
820285555,144, 72
825976475,144, 72
825309111,144, 72
137781610,143, 73
831268985,144, 72
3706533,141, 75
885814206,144, 72
812742908,144, 72
810429330,144, 72
139383482,143, 73
139483678,143, 73
912848507,144, 72
132800072,143, 73
799345059,144, 72
834799379,144, 72
138771543,143, 73
986033603,144, 72
882646102,144, 72
810054739,144, 72
886768490,144, 72
839567028,144, 72
893007157,144, 72
864264994,144, 72
801420267,144, 72
858106242,144, 72
824834276,144, 72
858321222,144, 72
885053650,144, 72
839661353,144, 72
143731605,143, 73
842193928,144, 72
880286256,144, 72
815689378,144, 72
858278123,144, 72
887820579,144, 72
796402214,144, 72
802156553,144, 72
145780740,143, 73
801538193,144, 72
854960418,144, 72
800679769,144, 72
860954418,144, 72
798954234,144, 72
856399195,144, 72
814966581,144, 72
869758097,144, 72
144938387,143, 73
980499055,144, 72
137965361,143, 73
23973772,142, 74
800352062,144, 72
831645277,144, 72
824118472,144, 72
810230889,144, 72
982388096,144, 72
807782969,144, 72
870005735,144, 72
870069718,144, 72
982199939,144, 72
800491635,144, 72
824314541,144, 72
842262140,144, 72
143341815,143, 73
136623061,143, 73
882510221,144, 72
802012947,144, 72
844474787,144, 72
800911559,144, 72
843674135,144, 72
835704682,144, 72
895029245,144, 72
145045944,143, 73
834379338,144, 72
143808688,143, 73
848296417,144, 72
870517090,144, 72
850560420,144, 72
834880189,144, 72
850543844,144, 72
883412452,144, 72
794173349,144, 72
839576853,144, 72
825248987,144, 72
983477075,144, 72
140077408,143, 73
838806052,144, 72
824467335,144, 72
828216528,144, 72
815259119,144, 72
873302105,144, 72
829011767,144, 72
822696936,144, 72
824327716,144, 72
817016196,144, 72
839974842,144, 72
873697299,144, 72
887224482,144, 72
827690713,144, 72
142817318,143, 73
137931229,143, 73
793503193,144, 72
869732922,144, 72
138577122,143, 73
984105594,144, 72
802021695,144, 72
878980784,144, 72
834877909,144, 72
799300701,144, 72
983967824,144, 72
824925503,144, 72
861527960,144, 72
833392662,144, 72
833673041,144, 72
792224940,144, 72
863215212,144, 72
137924414,143, 73
825666524,144, 72
825424595,144, 72
823108007,144, 72
840724957,144, 72
793684441,144, 72
825189482,144, 72
856837070,144, 72
803006271,144, 72
891556826,144, 72
801295678,144, 72
824932334,144, 72
164033788,143, 73
836188309,144, 72
824254153,144, 72
836167272,144, 72
145628290,143, 73
803024518,144, 72
854979388,144, 72
984968159,144, 72
903497644,144, 72
869853080,144, 72
827561224,144, 72
861249719,144, 72
22969495,142, 74
816454411,144, 72
833263474,144, 72
798182481,144, 72
890726352,144, 72
829844849,144, 72
825236095,144, 72
840424602,144, 72
890676468,144, 72
132827834,143, 73
886283885,144, 72
827916311,144, 72
819580932,144, 72
890733852,144, 72
861507162,144, 72
819551286,144, 72
854775345,144, 72
825381597,144, 72
842264055,144, 72
839257857,144, 72
845948291,144, 72
856008218,144, 72
137195070,143, 73
816733727,144, 72
844189712,144, 72
840042517,144, 72
835011781,144, 72
800939090,144, 72
891036207,144, 72
137918308,143, 73
853910737,144, 72
830424865,144, 72
983943850,144, 72
862914702,144, 72
860429856,144, 72
861062933,144, 72
798672968,144, 72
817019494,144, 72
846141246,144, 72
820049048,144, 72
838235584,144, 72
23380244,142, 74
839596040,144, 72
859395265,144, 72
841978869,144, 72
825130668,144, 72
851944686,144, 72
815646552,144, 72
840016353,144, 72
835922571,144, 72
800016138,144, 72
794308115,144, 72
147702277,143, 73
858310822,144, 72
839764241,144, 72
137059482,143, 73
24431710,142, 74
894684651,144, 72
133225217,143, 73
890125913,144, 72
139884948,143, 73
795443291,144, 72
819399035,144, 72
839017275,144, 72
800460388,144, 72
828176148,144, 72
791353215,144, 72
131825197,143, 73
885279421,144, 72
883030361,144, 72
828325636,144, 72
794771355,144, 72
131935828,143, 73
142414873,143, 73
838150585,144, 72
846114030,144, 72
825337041,144, 72
793762531,144, 72
982230228,144, 72
873537418,144, 72
799495650,144, 72
137884400,143, 73
911662360,144, 72
827335055,144, 72
865454955,144, 72
856867718,144, 72
886024831,144, 72
857922275,144, 72
800370113,144, 72
903235455,144, 72
803325750,144, 72
816715988,144, 72
820728540,144, 72
794008771,144, 72
860851213,144, 72
874315418,144, 72
143521849,143, 73
131703717,143, 73
820016219,144, 72
870146552,144, 72
22248247,142, 74
874589435,144, 72
824236178,144, 72
795436960,144, 72
798721565,144, 72
883837873,144, 72
793980300,144, 72
816583220,144, 72
820123191,144, 72
856117724,144, 72
818782269,144, 72
984213860,144, 72
927003293,144, 72
840170204,144, 72
823162565,144, 72
885549021,144, 72
882714222,144, 72
860194119,144, 72
835920157,144, 72
826208019,144, 72
885951381,144, 72
150617020,143, 73
148496678,143, 73
844270933,144, 72
812889115,144, 72
843637283,144, 72
886113653,144, 72
825220665,144, 72
164179949,143, 73
821504174,144, 72
838169356,144, 72
870433582,144, 72
863471048,144, 72
816632914,144, 72
810486342,144, 72
888699977,144, 72
808283387,144, 72
856381700,144, 72
133553531,143, 73
143110352,143, 73
823569522,144, 72
833095168,144, 72
886402609,144, 72
840551384,144, 72
873808079,144, 72
856235337,144, 72
856827744,144, 72
858783783,144, 72
892223063,144, 72
831387910,144, 72
834491124,144, 72
985876729,144, 72
822744152,144, 72
814936929,144, 72
885898635,144, 72
817068618,144, 72
871756005,144, 72
821247055,144, 72
801525835,144, 72
894207847,144, 72
847421940,144, 72
886382255,144, 72
885386564,144, 72
815672690,144, 72
865460169,144, 72
827686523,144, 72
910568890,144, 72
23964375,142, 74
798705221,144, 72
889611703,144, 72
799551456,144, 72
816702029,144, 72
885326689,144, 72
818753486,144, 72
846125869,144, 72
800790453,144, 72
791232391,144, 72
797274404,144, 72
844178262,144, 72
838160068,144, 72
834837440,144, 72
882551104,144, 72
837105708,144, 72
894425890,144, 72
143817359,143, 73
22712893,142, 74
863000821,144, 72
873725726,144, 72
801597727,144, 72
893823964,144, 72
838711210,144, 72
828829883,144, 72
835724016,144, 72
847821309,144, 72
874374579,144, 72
145491759,143, 73
838307123,144, 72
142018731,143, 73
876076969,144, 72
838036450,144, 72
832345801,144, 72
812147380,144, 72
872993272,144, 72
879613292,144, 72
138216718,143, 73
133293044,143, 73
793441690,144, 72
802272914,144, 72
137459907,143, 73
834835900,144, 72
801362581,144, 72
985847123,144, 72
826080402,144, 72
851735112,144, 72
821303186,144, 72
844194561,144, 72
856443362,144, 72
869789280,144, 72
3925052,141, 75
865681517,144, 72
886224201,144, 72
843880750,144, 72
142999170,143, 73
816934787,144, 72
793970640,144, 72
844387437,144, 72
799661511,144, 72
831509959,144, 72
798786386,144, 72
137509589,143, 73
824546835,144, 72
852022561,144, 72
828320922,144, 72
833288408,144, 72
848159291,144, 72
821822891,144, 72
882558390,144, 72
826874498,144, 72
137245820,143, 73
790799185,144, 72
794277610,144, 72
879622546,144, 72
143528093,143, 73
833599902,144, 72
861135896,144, 72
887825376,144, 72
839320187,144, 72
824304194,144, 72
836911988,144, 72
846521356,144, 72
838910132,144, 72
852014003,144, 72
879114418,144, 72
814607012,144, 72
827550434,144, 72
873747494,144, 72
140454621,143, 73
854962679,144, 72
882716472,144, 72
869755629,144, 72
163832492,143, 73
858359661,144, 72
888173347,144, 72
851654077,144, 72
815683130,144, 72
847230255,144, 72
814677746,144, 72
138554137,143, 73
883660182,144, 72
982332067,144, 72
147567265,143, 73
818698992,144, 72
844255980,144, 72
860142638,144, 72
800085326,144, 72
859662918,144, 72
145627624,143, 73
839773629,144, 72
885359613,144, 72
824548859,144, 72
132264760,143, 73
882737099,144, 72
839015714,144, 72
814957043,144, 72
843768521,144, 72
863384261,144, 72
841906183,144, 72
819631547,144, 72
818676604,144, 72
844282932,144, 72
885678026,144, 72
839592232,144, 72
982709731,144, 72
846095591,144, 72
848802084,144, 72
22730775,142, 74
870588010,144, 72
982912276,144, 72
885350236,144, 72
135874170,143, 73
142000015,143, 73
871784157,144, 72
835142831,144, 72
144932769,143, 73
840039302,144, 72
890485822,144, 72
790335290,144, 72
827855710,144, 72
885378231,144, 72
146656694,143, 73
867041748,144, 72
844183920,144, 72
824644971,144, 72
794318162,144, 72
820069637,144, 72
880156702,144, 72
984903700,144, 72
885498052,144, 72
911514450,144, 72
824557757,144, 72
163621969,143, 73
827188839,144, 72
836918609,144, 72
850554919,144, 72
860141208,144, 72
828140125,144, 72
140728802,143, 73
828311297,144, 72
143239765,143, 73
865637197,144, 72
985880303,144, 72
832783320,144, 72
800708487,144, 72
833255854,144, 72
146688328,143, 73
831391339,144, 72
857359928,144, 72
838854376,144, 72
820256449,144, 72
135034673,143, 73
886415361,144, 72
23197914,142, 74
826904309,144, 72
882526317,144, 72
830990802,144, 72
980618495,144, 72
163843105,143, 73
133294549,143, 73
829919918,144, 72
844579311,144, 72
145685931,143, 73
824075919,144, 72
845915914,144, 72
874605814,144, 72
865670127,144, 72
985115227,144, 72
848611437,144, 72
883616844,144, 72
164022190,143, 73
840003086,144, 72
820204409,144, 72
819562725,144, 72
823173689,144, 72
878943141,144, 72
138876953,143, 73
828158266,144, 72
984190481,144, 72
856529193,144, 72
141954444,143, 73
855938771,144, 72
902898954,144, 72
794309464,144, 72
793543360,144, 72
836867214,144, 72
148323779,143, 73
825381575,144, 72
911614505,144, 72
983966466,144, 72
886582322,144, 72
799056782,144, 72
825255042,144, 72
832220877,144, 72
825336508,144, 72
870605014,144, 72
820962641,144, 72
816479938,144, 72
855991219,144, 72
820280613,144, 72
889802896,144, 72
143341806,143, 73
792221488,144, 72
799329233,144, 72
827042908,144, 72
837627096,144, 72
839932607,144, 72
138139848,143, 73
981226551,144, 72
144370412,143, 73
885639591,144, 72
793599598,144, 72
835272053,144, 72
846844281,144, 72
847953396,144, 72
796185550,144, 72
163865671,143, 73
792130781,144, 72
886024886,144, 72
815368855,144, 72
845489621,144, 72
878901723,144, 72
851311117,144, 72
824887241,144, 72
847964861,144, 72
822311520,144, 72
815199483,144, 72
819584898,144, 72
833596844,144, 72
878968846,144, 72
856865843,144, 72
828726112,144, 72
808436255,144, 72
897871512,144, 72
799632436,144, 72
840487376,144, 72
885371142,144, 72
840949863,144, 72
921548254,144, 72
835406976,144, 72
982331556,144, 72
794106149,144, 72
794223714,144, 72
839766841,144, 72
831905088,144, 72
816514052,144, 72
824858268,144, 72
983867820,144, 72
143010405,143, 73
827053306,144, 72
830282766,144, 72
824876108,144, 72
874555680,144, 72
858690508,144, 72
870718446,144, 72
137533118,143, 73
139474781,143, 73
808835278,144, 72
133171886,143, 73
882553339,144, 72
867062921,144, 72
840880037,144, 72
137857837,143, 73
982355832,144, 72
839354464,144, 72
792118100,144, 72
799490312,144, 72
820008630,144, 72
848462015,144, 72
819104426,144, 72
819406281,144, 72
980408302,144, 72
833664255,144, 72
138649442,143, 73
822979004,144, 72
829325331,144, 72
815086991,144, 72
140684747,143, 73
835055404,144, 72
837861394,144, 72
816751230,144, 72
138658619,143, 73
926969912,144, 72
983211239,144, 72
138619637,143, 73
131796354,143, 73
869799342,144, 72
831452120,144, 72
828279573,144, 72
856365955,144, 72
889969541,144, 72
882489665,144, 72
163650484,143, 73
808887982,144, 72
857128597,144, 72
984616958,144, 72
147592329,143, 73
843941954,144, 72
882475474,144, 72
848194486,144, 72
828174728,144, 72
831982234,144, 72
823039391,144, 72
819994270,144, 72
859437594,144, 72
824623120,144, 72
861170603,144, 72
986458562,144, 72
854865973,144, 72
870553617,144, 72
834891415,144, 72
815823414,144, 72
981394370,144, 72
833265968,144, 72
859975918,144, 72
793805975,144, 72
836842941,144, 72
834837928,144, 72
856899300,144, 72
848482278,144, 72
984292283,144, 72
823339991,144, 72
816802554,144, 72
859802945,144, 72
865639226,144, 72
912827179,144, 72
834067300,144, 72
3982547,141, 75
984472020,144, 72
819164390,144, 72
145997403,143, 73
842484714,144, 72
139259347,143, 73
816629752,144, 72
821950807,144, 72
911502933,144, 72
801571802,144, 72
885958698,144, 72
137922686,143, 73
886057447,144, 72
821596787,144, 72
135986102,143, 73
144963816,143, 73
833720273,144, 72
808573573,144, 72
833703289,144, 72
825214353,144, 72
886799866,144, 72
816622670,144, 72
810301785,144, 72
844197684,144, 72
832523160,144, 72
793368662,144, 72
138539463,143, 73
824642497,144, 72
825409946,144, 72
848679347,144, 72
846054385,144, 72
791217068,144, 72
824989284,144, 72
927817551,144, 72
890722296,144, 72
890833948,144, 72
790959779,144, 72
818680027,144, 72
136265130,143, 73
982322744,144, 72
982427731,144, 72
790859789,144, 72
886192584,144, 72
795143819,144, 72
885713516,144, 72
801273674,144, 72
800505993,144, 72
855933853,144, 72
985160564,144, 72
828819375,144, 72
801884487,144, 72
876756402,144, 72
827769908,144, 72
859112778,144, 72
823543628,144, 72
824548750,144, 72
846731308,144, 72
836408897,144, 72
864245998,144, 72
868005288,144, 72
846668471,144, 72
824536147,144, 72
138558911,143, 73
819108208,144, 72
911667002,144, 72
825146444,144, 72
140573181,143, 73
871755158,144, 72
846702112,144, 72
143575604,143, 73
812123845,144, 72
886012119,144, 72
800836653,144, 72
982160242,144, 72
891581877,144, 72
800664751,144, 72
835826339,144, 72
814840572,144, 72
23762834,142, 74
814771186,144, 72
981673181,144, 72
147643667,143, 73
862781978,144, 72
984718322,144, 72
801385064,144, 72
985601409,144, 72
147166985,143, 73
856869275,144, 72
882736980,144, 72
138879589,143, 73
833714865,144, 72
819906927,144, 72
982363891,144, 72
921342077,144, 72
834737357,144, 72
856918670,144, 72
985535583,144, 72
894840981,144, 72
814615404,144, 72
140744322,143, 73
864303125,144, 72
860246099,144, 72
797037502,144, 72
826914466,144, 72
842176542,144, 72
985248955,144, 72
838146573,144, 72
835968445,144, 72
818621075,144, 72
831504328,144, 72
823794659,144, 72
139474651,143, 73
985005788,144, 72
132703072,143, 73
847199361,144, 72
986315879,144, 72
870130452,144, 72
822026158,144, 72
810198698,144, 72
839400741,144, 72
808590654,144, 72
817904604,144, 72
886276200,144, 72
797013646,144, 72
982266784,144, 72
882449133,144, 72
887764493,144, 72
859618424,144, 72
860173969,144, 72
796820241,144, 72
861097624,144, 72
836038107,144, 72
837370575,144, 72
810298601,144, 72
791191017,144, 72
886097023,144, 72
839645513,144, 72
872990289,144, 72
800501269,144, 72
791258130,144, 72
890759454,144, 72
24211431,142, 74
873841487,144, 72
822469450,144, 72
844441723,144, 72
836526114,144, 72
830958088,144, 72
873589579,144, 72
886298338,144, 72
874603939,144, 72
142119319,143, 73
831346701,144, 72
145046553,143, 73
795677419,144, 72
135003484,143, 73
826817709,144, 72
851327751,144, 72
139924665,143, 73
883702207,144, 72
985511610,144, 72
886568719,144, 72
145146140,143, 73
865648393,144, 72
816603670,144, 72
815846580,144, 72
897099116,144, 72
856114126,144, 72
22561361,142, 74
831881905,144, 72
886186336,144, 72
823506169,144, 72
858423041,144, 72
790923225,144, 72
819036915,144, 72
889637303,144, 72
856082836,144, 72
855476044,144, 72
141000326,143, 73
815910299,144, 72
879286819,144, 72
147720128,143, 73
843914989,144, 72
138556388,143, 73
842372016,144, 72
831484511,144, 72
819633681,144, 72
887219069,144, 72
858288940,144, 72
138683285,143, 73
826714149,144, 72
816454687,144, 72
844868960,144, 72
869439992,144, 72
827759802,144, 72
874025574,144, 72
801677969,144, 72
988755568,144, 72
828037128,144, 72
802506835,144, 72
839842770,144, 72
821959803,144, 72
839911997,144, 72
140709827,143, 73
876016496,144, 72
823312550,144, 72
839762956,144, 72
839766559,144, 72
856092716,144, 72
846693533,144, 72
845940064,144, 72
819964563,144, 72
984913358,144, 72
857949105,144, 72
137939586,143, 73
891366095,144, 72
822050073,144, 72
791239104,144, 72
835823788,144, 72
23143454,142, 74
887540614,144, 72
821980528,144, 72
796765743,144, 72
856268680,144, 72
864237445,144, 72
790193826,144, 72
860122347,144, 72
140076170,143, 73
141151980,143, 73
164814079,143, 73
829905260,144, 72
885323732,144, 72
139691826,143, 73
835963972,144, 72
834895326,144, 72
801635501,144, 72
840574495,144, 72
829384655,144, 72
890988783,144, 72
890962631,144, 72
882516747,144, 72
832974706,144, 72
800926934,144, 72
820257708,144, 72
812192870,144, 72
884954420,144, 72
137443290,143, 73
832027520,144, 72
845974925,144, 72
851711642,144, 72
822616489,144, 72
869924934,144, 72
821641325,144, 72
834669459,144, 72
880203027,144, 72
825088923,144, 72
139290673,143, 73
885984603,144, 72
819152772,144, 72
863422666,144, 72
835871370,144, 72
846000271,144, 72
835387989,144, 72
144982041,143, 73
22637949,142, 74
884917284,144, 72
831944724,144, 72
869751316,144, 72
829821945,144, 72
824493501,144, 72
911614867,144, 72
886224859,144, 72
139238491,143, 73
869858170,144, 72
840611242,144, 72
834469957,144, 72
886294977,144, 72
825864574,144, 72
832529088,144, 72
4041709,141, 75
139929089,143, 73
796797625,144, 72
139916171,143, 73
137539882,143, 73
834429714,144, 72
799233614,144, 72
824532622,144, 72
846705205,144, 72
141006503,143, 73
790942078,144, 72
151785974,143, 73
832974858,144, 72
851236739,144, 72
981723151,144, 72
844275816,144, 72
885611887,144, 72
835885947,144, 72
816690715,144, 72
883654667,144, 72
823805250,144, 72
861107207,144, 72
827032506,144, 72
823002684,144, 72
163512203,143, 73
793366145,144, 72
810323702,144, 72
861272604,144, 72
859456312,144, 72
836183026,144, 72
836186365,144, 72
842275677,144, 72
140334602,143, 73
807886387,144, 72
798954262,144, 72
808431273,144, 72
137519650,143, 73
845702665,144, 72
887866705,144, 72
883010387,144, 72
144990997,143, 73
981048817,144, 72
135822036,143, 73
819171832,144, 72
793560779,144, 72
870174702,144, 72
843712912,144, 72
140991309,143, 73
812934273,144, 72
833726882,144, 72
824893361,144, 72
828315955,144, 72
832148234,144, 72
820365246,144, 72
151770428,143, 73
136988272,143, 73
833099748,144, 72
823072252,144, 72
822714347,144, 72
139939882,143, 73
829016927,144, 72
135847845,143, 73
798175486,144, 72
802559385,144, 72
792141339,144, 72
827448738,144, 72
980533535,144, 72
825532741,144, 72
796981442,144, 72
831789797,144, 72
824997152,144, 72
143055820,143, 73
830997154,144, 72
834473207,144, 72
980826075,144, 72
796515935,144, 72
846038860,144, 72
867140982,144, 72
871760931,144, 72
883182083,144, 72
139027146,143, 73
819921557,144, 72
136562569,143, 73
833551425,144, 72
864259640,144, 72
879968312,144, 72
832729937,144, 72
844231602,144, 72
840656292,144, 72
822394438,144, 72
851817391,144, 72
979981422,144, 72
815240480,144, 72
853459507,144, 72
846943727,144, 72
838991012,144, 72
886079495,144, 72
840425293,144, 72
830486764,144, 72
851767069,144, 72
865459131,144, 72
898472918,144, 72
135369701,143, 73
853499695,144, 72
140932072,143, 73
921618011,144, 72
883558719,144, 72
883449846,144, 72
860652822,144, 72
141873258,143, 73
860557042,144, 72
856116784,144, 72
882689765,144, 72
137497192,143, 73
911073741,144, 72
812736999,144, 72
980499369,144, 72
140102662,143, 73
861353717,144, 72
796968070,144, 72
843416087,144, 72
139181616,143, 73
23284940,142, 74
801448353,144, 72
836349301,144, 72
817051010,144, 72
822712381,144, 72
802049795,144, 72
793562102,144, 72
143905415,143, 73
836184172,144, 72
841893513,144, 72
812967853,144, 72
145489183,143, 73
822672175,144, 72
829871938,144, 72
885986892,144, 72
823170471,144, 72
824956951,144, 72
835319537,144, 72
980918383,144, 72
886462115,144, 72
848771024,144, 72
792183158,144, 72
825587994,144, 72
831727746,144, 72
884206744,144, 72
796722769,144, 72
845690207,144, 72
863376702,144, 72
883639404,144, 72
792023417,144, 72
796787074,144, 72
140556710,143, 73
145768731,143, 73
883936348,144, 72
822624749,144, 72
813078355,144, 72
857110933,144, 72
822990145,144, 72
900296694,144, 72
831389149,144, 72
838110566,144, 72
791871225,144, 72
163617179,143, 73
142730327,143, 73
867065346,144, 72
857659613,144, 72
841848982,144, 72
836447288,144, 72
846433212,144, 72
139931936,143, 73
886027136,144, 72
22570268,142, 74
844810165,144, 72
840798603,144, 72
140824662,143, 73
862974644,144, 72
902685003,144, 72
23491709,142, 74
141381244,143, 73
873582780,144, 72
882673724,144, 72
791270629,144, 72
790849291,144, 72
837167458,144, 72
887441966,144, 72
838392050,144, 72
888280383,144, 72
824650188,144, 72
882981986,144, 72
904331397,144, 72
864271341,144, 72
843421219,144, 72
143633548,143, 73
816657782,144, 72
890673273,144, 72
878626335,144, 72
828308757,144, 72
861139168,144, 72
139184475,143, 73
869918552,144, 72
821447521,144, 72
889943865,144, 72
24008033,142, 74
863390828,144, 72
822394482,144, 72
825366619,144, 72
794351439,144, 72
818839981,144, 72
863511644,144, 72
837153742,144, 72
801473079,144, 72
794614404,144, 72
886208019,144, 72
792991900,144, 72
801406161,144, 72
822983407,144, 72
880037566,144, 72
844442170,144, 72
845241054,144, 72
861532854,144, 72
823538114,144, 72
821006732,144, 72
791226695,144, 72
843874034,144, 72
857592381,144, 72
921562259,144, 72
137016429,143, 73
137154153,143, 73
848059796,144, 72
984981007,144, 72
143356713,143, 73
147082425,143, 73
845862404,144, 72
873629947,144, 72
141375985,143, 73
870395915,144, 72
832018131,144, 72
870121105,144, 72
852101089,144, 72
850674811,144, 72
834946184,144, 72
824069582,144, 72
826091679,144, 72
817152957,144, 72
799596699,144, 72
834595736,144, 72
821970867,144, 72
814930803,144, 72
137099647,143, 73
879044813,144, 72
845719919,144, 72
981906865,144, 72
141964177,143, 73
830299941,144, 72
799516047,144, 72
856676694,144, 72
885226523,144, 72
860163027,144, 72
812203930,144, 72
886396608,144, 72
797427081,144, 72
871622021,144, 72
843602300,144, 72
839657310,144, 72
821066126,144, 72
800947461,144, 72
144241786,143, 73
807787700,144, 72
845864156,144, 72
841542214,144, 72
823877658,144, 72
839718831,144, 72
799079134,144, 72
880479640,144, 72
800478272,144, 72
